Married,Dependents,Education,Self_Employed,ApplicantIncome,CoapplicantIncome,LoanAmount,Loan_Amount_Term,Credit_History,Loan_Status,property_Area_Rural,property_Area_Semiurban,property_Area_Urban,Gender_Female,Gender_Male,Total_Income,Loan_Income_Ratio,EMI,Balance_Income
0.0,0.0,0.0,0.0,5849.0,0.0,128.0,360.0,1.0,1,0,1,0,0,1,5849.0,0.021884082749187895,0.35555555555555557,5848.644444444444
1.0,1.0,0.0,0.0,3806.0,1508.0,128.0,360.0,1.0,0,0,0,1,0,1,5314.0,0.024087316522393678,0.35555555555555557,5313.644444444444
1.0,0.0,0.0,1.0,3000.0,0.0,66.0,360.0,1.0,1,0,1,0,0,1,3000.0,0.022,0.18333333333333332,2999.8166666666666
1.0,0.0,1.0,0.0,2583.0,2358.0,120.0,360.0,1.0,1,0,1,0,0,1,4941.0,0.024286581663630843,0.3333333333333333,4940.666666666667
0.0,0.0,0.0,0.0,6000.0,0.0,141.0,360.0,1.0,1,0,1,0,0,1,6000.0,0.0235,0.39166666666666666,5999.608333333334
1.0,2.0,0.0,1.0,5417.0,4196.0,261.5,360.0,1.0,1,0,1,0,0,1,9613.0,0.027202746281077706,0.7263888888888889,9612.273611111112
1.0,0.0,1.0,0.0,2333.0,1516.0,95.0,360.0,1.0,1,0,1,0,0,1,3849.0,0.024681735515718367,0.2638888888888889,3848.7361111111113
1.0,3.0,0.0,0.0,3036.0,2504.0,158.0,360.0,0.0,0,1,0,0,0,1,5540.0,0.02851985559566787,0.4388888888888889,5539.561111111111
1.0,2.0,0.0,0.0,4006.0,1526.0,168.0,360.0,1.0,1,0,1,0,0,1,5532.0,0.03036876355748373,0.4666666666666667,5531.533333333334
1.0,1.0,0.0,0.0,10171.25,5743.125,261.5,360.0,1.0,0,1,0,0,0,1,15914.375,0.016431685190276088,0.7263888888888889,15913.648611111112
1.0,2.0,0.0,0.0,3200.0,700.0,70.0,360.0,1.0,1,0,1,0,0,1,3900.0,0.017948717948717947,0.19444444444444445,3899.8055555555557
1.0,2.0,0.0,0.0,2500.0,1167.0,109.0,360.0,1.0,1,0,1,0,0,1,3667.0,0.029724570493591493,0.30277777777777776,3666.697222222222
1.0,2.0,0.0,0.0,3073.0,5743.125,200.0,360.0,1.0,1,0,1,0,0,1,8816.125,0.022685703753066114,0.5555555555555556,8815.569444444445
0.0,0.0,0.0,0.0,1853.0,2840.0,114.0,360.0,1.0,0,0,0,1,0,1,4693.0,0.024291497975708502,0.31666666666666665,4692.683333333333
1.0,2.0,0.0,0.0,1299.0,1086.0,17.0,360.0,1.0,1,0,1,0,0,1,2385.0,0.007127882599580713,0.04722222222222222,2384.9527777777776
0.0,0.0,0.0,0.0,3806.0,0.0,125.0,360.0,1.0,1,0,1,0,0,1,3806.0,0.032842879663688915,0.3472222222222222,3805.652777777778
0.0,1.0,1.0,0.0,3596.0,0.0,100.0,360.0,1.0,1,0,1,0,0,1,3596.0,0.027808676307007785,0.2777777777777778,3595.722222222222
0.0,0.0,0.0,0.0,3510.0,0.0,76.0,360.0,0.0,0,0,1,0,1,0,3510.0,0.021652421652421653,0.2111111111111111,3509.788888888889
1.0,0.0,1.0,0.0,4887.0,0.0,133.0,360.0,1.0,0,0,0,1,0,1,4887.0,0.027215060364231634,0.36944444444444446,4886.6305555555555
1.0,0.0,0.0,0.0,2600.0,3500.0,115.0,360.0,1.0,1,0,1,0,0,1,6100.0,0.018852459016393444,0.3194444444444444,6099.680555555556
1.0,0.0,1.0,0.0,7660.0,0.0,104.0,360.0,0.0,0,0,1,0,0,1,7660.0,0.013577023498694517,0.28888888888888886,7659.711111111111
1.0,1.0,0.0,0.0,5955.0,5625.0,261.5,360.0,1.0,1,0,1,0,0,1,11580.0,0.02258203799654577,0.7263888888888889,11579.273611111112
1.0,0.0,1.0,0.0,2600.0,1911.0,116.0,360.0,0.0,0,1,0,0,0,1,4511.0,0.025714919086677012,0.32222222222222224,4510.677777777778
1.0,2.0,1.0,0.0,3365.0,1917.0,112.0,360.0,0.0,0,0,0,1,0,1,5282.0,0.021204089360090876,0.3111111111111111,5281.688888888889
1.0,1.0,0.0,0.0,3717.0,2925.0,151.0,360.0,1.0,0,1,0,0,0,1,6642.0,0.02273411623005119,0.41944444444444445,6641.580555555555
1.0,0.0,0.0,1.0,9560.0,0.0,191.0,360.0,1.0,1,1,0,0,0,1,9560.0,0.01997907949790795,0.5305555555555556,9559.469444444445
1.0,0.0,0.0,0.0,2799.0,2253.0,122.0,360.0,1.0,1,1,0,0,0,1,5052.0,0.02414885193982581,0.3388888888888889,5051.6611111111115
1.0,2.0,1.0,0.0,4226.0,1040.0,110.0,360.0,1.0,1,0,1,0,0,1,5266.0,0.020888720091150777,0.3055555555555556,5265.694444444444
0.0,0.0,1.0,0.0,1442.0,0.0,35.0,360.0,1.0,0,0,1,0,0,1,1442.0,0.024271844660194174,0.09722222222222222,1441.9027777777778
0.0,2.0,0.0,0.0,3750.0,2083.0,120.0,360.0,1.0,1,1,0,0,1,0,5833.0,0.020572604148808505,0.3333333333333333,5832.666666666667
1.0,1.0,0.0,0.0,4166.0,3369.0,201.0,360.0,1.0,0,0,1,0,0,1,7535.0,0.026675514266755143,0.5583333333333333,7534.441666666667
0.0,0.0,0.0,0.0,3167.0,0.0,74.0,360.0,1.0,0,0,1,0,0,1,3167.0,0.023365961477739186,0.20555555555555555,3166.7944444444443
0.0,1.0,0.0,1.0,4692.0,0.0,106.0,360.0,1.0,0,0,0,1,0,1,4692.0,0.022591645353793693,0.29444444444444445,4691.705555555555
1.0,0.0,0.0,0.0,3500.0,1667.0,114.0,360.0,1.0,1,1,0,0,0,1,5167.0,0.022063092703696534,0.31666666666666665,5166.683333333333
0.0,3.0,0.0,0.0,10171.25,3000.0,261.5,360.0,1.0,0,0,0,1,0,1,13171.25,0.019853848343930912,0.7263888888888889,13170.523611111112
1.0,0.0,0.0,0.0,2275.0,2067.0,128.0,360.0,1.0,1,0,1,0,0,1,4342.0,0.02947950253339475,0.35555555555555557,4341.644444444444
1.0,0.0,0.0,0.0,1828.0,1330.0,100.0,360.0,0.0,0,0,1,0,0,1,3158.0,0.031665611146295125,0.2777777777777778,3157.722222222222
1.0,0.0,0.0,0.0,3667.0,1459.0,144.0,360.0,1.0,1,1,0,0,1,0,5126.0,0.02809207959422552,0.4,5125.6
0.0,0.0,0.0,0.0,4166.0,5743.125,184.0,360.0,1.0,1,0,1,0,0,1,9909.125,0.018568743456157836,0.5111111111111111,9908.613888888889
0.0,0.0,1.0,0.0,3748.0,1668.0,110.0,360.0,1.0,1,1,0,0,0,1,5416.0,0.02031019202363368,0.3055555555555556,5415.694444444444
0.0,0.0,0.0,0.0,3600.0,0.0,80.0,360.0,1.0,0,0,1,0,0,1,3600.0,0.022222222222222223,0.2222222222222222,3599.777777777778
0.0,0.0,0.0,0.0,1800.0,1213.0,47.0,360.0,1.0,1,0,1,0,0,1,3013.0,0.015599070693660804,0.13055555555555556,3012.8694444444445
1.0,0.0,0.0,0.0,2400.0,0.0,75.0,360.0,1.0,1,0,1,0,0,1,2400.0,0.03125,0.20833333333333334,2399.7916666666665
1.0,0.0,0.0,0.0,3941.0,2336.0,134.0,360.0,1.0,1,1,0,0,0,1,6277.0,0.021347777600764697,0.37222222222222223,6276.627777777778
1.0,0.0,1.0,1.0,4695.0,0.0,96.0,360.0,1.0,1,0,1,0,0,1,4695.0,0.020447284345047924,0.26666666666666666,4694.733333333334
0.0,0.0,0.0,0.0,3410.0,0.0,88.0,360.0,1.0,1,0,1,0,1,0,3410.0,0.025806451612903226,0.24444444444444444,3409.7555555555555
1.0,1.0,0.0,0.0,5649.0,0.0,44.0,360.0,1.0,1,0,1,0,0,1,5649.0,0.007788989201628607,0.12222222222222222,5648.877777777778
1.0,0.0,0.0,0.0,5821.0,0.0,144.0,360.0,1.0,1,0,1,0,0,1,5821.0,0.02473801752276241,0.4,5820.6
1.0,0.0,0.0,0.0,2645.0,3440.0,120.0,360.0,0.0,0,0,1,0,1,0,6085.0,0.01972062448644207,0.3333333333333333,6084.666666666667
0.0,0.0,0.0,0.0,4000.0,2275.0,144.0,360.0,1.0,1,1,0,0,1,0,6275.0,0.022948207171314742,0.4,6274.6
1.0,0.0,1.0,0.0,1928.0,1644.0,100.0,360.0,1.0,1,1,0,0,1,0,3572.0,0.027995520716685332,0.2777777777777778,3571.722222222222
0.0,0.0,0.0,0.0,3086.0,0.0,120.0,360.0,1.0,1,1,0,0,1,0,3086.0,0.03888528839922229,0.3333333333333333,3085.6666666666665
0.0,0.0,0.0,0.0,4230.0,0.0,112.0,360.0,1.0,0,1,0,0,1,0,4230.0,0.026477541371158392,0.3111111111111111,4229.688888888889
1.0,2.0,0.0,0.0,4616.0,0.0,134.0,360.0,1.0,0,0,1,0,0,1,4616.0,0.02902946273830156,0.37222222222222223,4615.627777777778
1.0,1.0,0.0,1.0,10171.25,0.0,261.5,360.0,0.0,0,0,1,0,1,0,10171.25,0.025709721027405676,0.7263888888888889,10170.523611111112
1.0,2.0,0.0,0.0,2708.0,1167.0,97.0,360.0,1.0,1,1,0,0,0,1,3875.0,0.02503225806451613,0.26944444444444443,3874.7305555555554
1.0,0.0,0.0,0.0,2132.0,1591.0,96.0,360.0,1.0,1,1,0,0,0,1,3723.0,0.0257856567284448,0.26666666666666666,3722.733333333333
1.0,0.0,0.0,0.0,3366.0,2200.0,135.0,360.0,1.0,0,0,0,1,0,1,5566.0,0.024254401724757457,0.375,5565.625
1.0,1.0,0.0,0.0,8080.0,2250.0,180.0,360.0,1.0,1,0,1,0,0,1,10330.0,0.017424975798644726,0.5,10329.5
1.0,2.0,1.0,0.0,3357.0,2859.0,144.0,360.0,1.0,1,0,1,0,0,1,6216.0,0.023166023166023165,0.4,6215.6
1.0,0.0,0.0,0.0,2500.0,3796.0,120.0,360.0,1.0,1,0,1,0,0,1,6296.0,0.01905972045743329,0.3333333333333333,6295.666666666667
1.0,3.0,0.0,0.0,3029.0,0.0,99.0,360.0,1.0,1,0,1,0,0,1,3029.0,0.03268405414328161,0.275,3028.725
1.0,0.0,1.0,1.0,2609.0,3449.0,165.0,360.0,0.0,0,0,0,1,0,1,6058.0,0.02723671178606801,0.4583333333333333,6057.541666666667
1.0,1.0,0.0,0.0,4945.0,0.0,128.0,360.0,0.0,0,0,0,1,0,1,4945.0,0.025884732052578362,0.35555555555555557,4944.644444444444
0.0,0.0,0.0,0.0,4166.0,0.0,116.0,360.0,0.0,0,1,0,0,1,0,4166.0,0.02784445511281805,0.32222222222222224,4165.677777777778
1.0,0.0,0.0,0.0,5726.0,4595.0,258.0,360.0,1.0,0,1,0,0,0,1,10321.0,0.024997577754093597,0.7166666666666667,10320.283333333333
0.0,0.0,1.0,0.0,3200.0,2254.0,126.0,360.0,0.0,0,0,1,0,0,1,5454.0,0.0231023102310231,0.35,5453.65
1.0,1.0,0.0,0.0,10171.25,0.0,261.5,360.0,1.0,1,0,1,0,0,1,10171.25,0.025709721027405676,0.7263888888888889,10170.523611111112
1.0,3.0,1.0,1.0,7100.0,0.0,125.0,360.0,1.0,1,0,1,0,0,1,7100.0,0.017605633802816902,0.3472222222222222,7099.652777777777
0.0,0.0,0.0,0.0,4300.0,0.0,136.0,360.0,0.0,0,1,0,0,1,0,4300.0,0.03162790697674418,0.37777777777777777,4299.622222222222
1.0,0.0,0.0,0.0,3208.0,3066.0,172.0,360.0,1.0,1,0,1,0,0,1,6274.0,0.027414727446605038,0.4777777777777778,6273.522222222222
1.0,2.0,1.0,1.0,1875.0,1875.0,97.0,360.0,1.0,1,1,0,0,0,1,3750.0,0.025866666666666666,0.26944444444444443,3749.7305555555554
0.0,0.0,0.0,0.0,3500.0,0.0,81.0,360.0,1.0,1,1,0,0,0,1,3500.0,0.023142857142857142,0.225,3499.775
1.0,3.0,1.0,0.0,4755.0,0.0,95.0,360.0,0.0,0,1,0,0,0,1,4755.0,0.019978969505783387,0.2638888888888889,4754.736111111111
1.0,3.0,0.0,1.0,5266.0,1774.0,187.0,360.0,1.0,1,1,0,0,0,1,7040.0,0.0265625,0.5194444444444445,7039.480555555556
0.0,0.0,0.0,0.0,3750.0,0.0,113.0,360.0,1.0,0,0,1,0,0,1,3750.0,0.030133333333333335,0.3138888888888889,3749.686111111111
0.0,0.0,0.0,0.0,3750.0,4750.0,176.0,360.0,1.0,0,0,1,0,0,1,8500.0,0.020705882352941178,0.4888888888888889,8499.511111111111
1.0,1.0,0.0,1.0,1000.0,3022.0,110.0,360.0,1.0,0,0,1,0,0,1,4022.0,0.02734957732471407,0.3055555555555556,4021.6944444444443
1.0,3.0,0.0,0.0,3167.0,4000.0,180.0,360.0,0.0,0,1,0,0,0,1,7167.0,0.025115110925073254,0.5,7166.5
1.0,3.0,1.0,1.0,3333.0,2166.0,130.0,360.0,1.0,1,1,0,0,0,1,5499.0,0.02364066193853428,0.3611111111111111,5498.638888888889
0.0,0.0,0.0,0.0,3846.0,0.0,111.0,360.0,1.0,1,1,0,0,1,0,3846.0,0.028861154446177848,0.30833333333333335,3845.6916666666666
1.0,1.0,0.0,1.0,2395.0,0.0,128.0,360.0,1.0,1,1,0,0,0,1,2395.0,0.05344467640918581,0.35555555555555557,2394.6444444444446
1.0,2.0,0.0,0.0,1378.0,1881.0,167.0,360.0,1.0,0,0,1,0,1,0,3259.0,0.0512427124884934,0.4638888888888889,3258.536111111111
1.0,0.0,0.0,0.0,6000.0,2250.0,261.5,360.0,1.0,0,1,0,0,0,1,8250.0,0.031696969696969696,0.7263888888888889,8249.273611111112
1.0,1.0,0.0,0.0,3988.0,0.0,50.0,360.0,1.0,1,0,1,0,0,1,3988.0,0.012537612838515547,0.1388888888888889,3987.8611111111113
0.0,0.0,0.0,0.0,2366.0,2531.0,136.0,360.0,1.0,1,1,0,0,0,1,4897.0,0.027772105370635083,0.37777777777777777,4896.622222222222
1.0,2.0,1.0,0.0,3333.0,2000.0,99.0,360.0,1.0,1,1,0,0,0,1,5333.0,0.0185636602287643,0.275,5332.725
1.0,0.0,0.0,0.0,2500.0,2118.0,104.0,360.0,1.0,1,1,0,0,0,1,4618.0,0.02252057167605024,0.28888888888888886,4617.711111111111
0.0,0.0,0.0,0.0,8566.0,0.0,210.0,360.0,1.0,1,0,1,0,0,1,8566.0,0.02451552650011674,0.5833333333333334,8565.416666666666
1.0,0.0,0.0,0.0,5695.0,4167.0,175.0,360.0,1.0,1,1,0,0,0,1,9862.0,0.017744879334820524,0.4861111111111111,9861.513888888889
1.0,0.0,0.0,0.0,2958.0,2900.0,131.0,360.0,1.0,1,1,0,0,0,1,5858.0,0.022362581085694777,0.3638888888888889,5857.636111111111
1.0,2.0,0.0,0.0,6250.0,5654.0,188.0,360.0,1.0,1,1,0,0,0,1,11904.0,0.015793010752688172,0.5222222222222223,11903.477777777778
1.0,2.0,1.0,0.0,3273.0,1820.0,81.0,360.0,1.0,1,0,1,0,0,1,5093.0,0.015904182210877676,0.225,5092.775
0.0,0.0,0.0,0.0,4133.0,0.0,122.0,360.0,1.0,1,1,0,0,0,1,4133.0,0.029518509557222357,0.3388888888888889,4132.6611111111115
0.0,0.0,1.0,0.0,3620.0,0.0,25.0,360.0,1.0,1,1,0,0,0,1,3620.0,0.006906077348066298,0.06944444444444445,3619.9305555555557
0.0,0.0,0.0,0.0,6782.0,0.0,128.0,360.0,1.0,0,0,1,0,0,1,6782.0,0.018873488646416987,0.35555555555555557,6781.644444444444
1.0,0.0,0.0,0.0,2484.0,2302.0,137.0,360.0,1.0,1,1,0,0,1,0,4786.0,0.028625156707062265,0.38055555555555554,4785.6194444444445
1.0,0.0,0.0,0.0,1977.0,997.0,50.0,360.0,1.0,1,1,0,0,0,1,2974.0,0.016812373907195696,0.1388888888888889,2973.8611111111113
1.0,0.0,1.0,0.0,4188.0,0.0,115.0,360.0,1.0,1,1,0,0,0,1,4188.0,0.027459407831900668,0.3194444444444444,4187.680555555556
1.0,0.0,0.0,0.0,1759.0,3541.0,131.0,360.0,1.0,1,1,0,0,0,1,5300.0,0.02471698113207547,0.3638888888888889,5299.636111111111
1.0,2.0,1.0,0.0,4288.0,3263.0,133.0,360.0,1.0,1,0,1,0,0,1,7551.0,0.01761356111773275,0.36944444444444446,7550.6305555555555
0.0,0.0,0.0,0.0,4843.0,3806.0,151.0,360.0,1.0,1,1,0,0,0,1,8649.0,0.017458665741704245,0.41944444444444445,8648.580555555556
1.0,0.0,0.0,0.0,10171.25,0.0,128.0,360.0,1.0,1,0,1,0,0,1,10171.25,0.012584490598500676,0.35555555555555557,10170.894444444444
1.0,0.0,0.0,0.0,4652.0,3583.0,128.0,360.0,1.0,1,1,0,0,0,1,8235.0,0.01554341226472374,0.35555555555555557,8234.644444444444
1.0,0.0,0.0,0.0,3816.0,754.0,160.0,360.0,1.0,1,0,1,0,0,1,4570.0,0.0350109409190372,0.4444444444444444,4569.555555555556
1.0,1.0,0.0,0.0,3052.0,1030.0,100.0,360.0,1.0,1,0,1,0,0,1,4082.0,0.02449779519843214,0.2777777777777778,4081.722222222222
1.0,2.0,0.0,0.0,10171.25,1126.0,225.0,360.0,1.0,1,0,1,0,0,1,11297.25,0.019916351324437365,0.625,11296.625
0.0,0.0,1.0,0.0,7333.0,0.0,120.0,360.0,1.0,0,0,0,1,0,1,7333.0,0.01636438019909996,0.3333333333333333,7332.666666666667
1.0,2.0,0.0,0.0,3800.0,3600.0,216.0,360.0,0.0,0,0,1,0,0,1,7400.0,0.02918918918918919,0.6,7399.4
1.0,3.0,1.0,0.0,2071.0,754.0,94.0,360.0,1.0,1,1,0,0,0,1,2825.0,0.03327433628318584,0.2611111111111111,2824.738888888889
0.0,0.0,0.0,0.0,5316.0,0.0,136.0,360.0,1.0,1,0,1,0,0,1,5316.0,0.025583145221971408,0.37777777777777777,5315.622222222222
1.0,0.0,0.0,0.0,2929.0,2333.0,139.0,360.0,1.0,1,1,0,0,1,0,5262.0,0.026415811478525276,0.3861111111111111,5261.613888888889
1.0,0.0,1.0,0.0,3572.0,4114.0,152.0,360.0,0.0,0,0,0,1,0,1,7686.0,0.019776216497527973,0.4222222222222222,7685.577777777778
0.0,1.0,0.0,1.0,7451.0,0.0,128.0,360.0,1.0,1,1,0,0,1,0,7451.0,0.01717890216078379,0.35555555555555557,7450.644444444444
0.0,0.0,0.0,0.0,5050.0,0.0,118.0,360.0,1.0,1,1,0,0,0,1,5050.0,0.023366336633663366,0.3277777777777778,5049.672222222222
1.0,1.0,0.0,0.0,10171.25,0.0,185.0,360.0,1.0,1,0,0,1,0,1,10171.25,0.01818852156814551,0.5138888888888888,10170.736111111111
1.0,0.0,0.0,0.0,3167.0,2283.0,154.0,360.0,1.0,1,1,0,0,1,0,5450.0,0.028256880733944955,0.42777777777777776,5449.572222222222
1.0,1.0,0.0,0.0,2214.0,1398.0,85.0,360.0,1.0,1,0,1,0,0,1,3612.0,0.02353266888150609,0.2361111111111111,3611.7638888888887
1.0,0.0,0.0,0.0,5568.0,2142.0,175.0,360.0,1.0,0,0,0,1,0,1,7710.0,0.022697795071335927,0.4861111111111111,7709.513888888889
0.0,0.0,0.0,0.0,10171.25,0.0,259.0,360.0,1.0,1,0,1,0,1,0,10171.25,0.02546393019540371,0.7194444444444444,10170.530555555555
1.0,0.0,0.0,0.0,5667.0,2667.0,180.0,360.0,1.0,1,0,0,1,0,1,8334.0,0.02159827213822894,0.5,8333.5
0.0,0.0,0.0,0.0,4166.0,0.0,44.0,360.0,1.0,1,1,0,0,1,0,4166.0,0.01056168987037926,0.12222222222222222,4165.877777777778
0.0,0.0,0.0,0.0,2137.0,5743.125,137.0,360.0,0.0,1,1,0,0,1,0,7880.125,0.017385511016639963,0.38055555555555554,7879.7444444444445
1.0,2.0,0.0,0.0,2957.0,0.0,81.0,360.0,1.0,1,1,0,0,0,1,2957.0,0.027392627663172135,0.225,2956.775
1.0,0.0,1.0,0.0,4300.0,2014.0,194.0,360.0,1.0,1,0,0,1,0,1,6314.0,0.030725372188786824,0.5388888888888889,6313.461111111111
0.0,0.0,0.0,0.0,3692.0,0.0,93.0,360.0,1.0,1,0,0,1,1,0,3692.0,0.025189599133261104,0.25833333333333336,3691.741666666667
1.0,3.0,0.0,0.0,10171.25,0.0,261.5,360.0,1.0,1,0,0,1,0,1,10171.25,0.025709721027405676,0.7263888888888889,10170.523611111112
0.0,0.0,0.0,0.0,3865.0,1640.0,128.0,360.0,1.0,1,0,0,1,0,1,5505.0,0.023251589464123524,0.35555555555555557,5504.644444444444
1.0,1.0,0.0,1.0,10171.25,3850.0,160.0,360.0,0.0,0,0,1,0,0,1,14021.25,0.011411250780065971,0.4444444444444444,14020.805555555555
1.0,0.0,0.0,0.0,6080.0,2569.0,182.0,360.0,1.0,0,0,0,1,0,1,8649.0,0.021042895132385248,0.5055555555555555,8648.494444444445
0.0,0.0,0.0,1.0,10171.25,0.0,261.5,360.0,1.0,1,0,1,0,0,1,10171.25,0.025709721027405676,0.7263888888888889,10170.523611111112
0.0,0.0,0.0,0.0,2014.0,1929.0,74.0,360.0,1.0,1,0,1,0,0,1,3943.0,0.018767435962465127,0.20555555555555555,3942.7944444444443
0.0,0.0,0.0,0.0,2718.0,0.0,70.0,360.0,1.0,1,1,0,0,0,1,2718.0,0.025754231052244298,0.19444444444444445,2717.8055555555557
1.0,0.0,0.0,1.0,3459.0,0.0,25.0,360.0,1.0,1,1,0,0,0,1,3459.0,0.007227522405319456,0.06944444444444445,3458.9305555555557
0.0,0.0,0.0,0.0,4895.0,0.0,102.0,360.0,1.0,1,1,0,0,0,1,4895.0,0.020837589376915218,0.2833333333333333,4894.716666666666
1.0,3.0,0.0,0.0,4000.0,5743.125,261.5,360.0,1.0,0,1,0,0,0,1,9743.125,0.026839438065302458,0.7263888888888889,9742.398611111112
1.0,0.0,0.0,0.0,4583.0,0.0,84.0,360.0,1.0,0,0,0,1,1,0,4583.0,0.0183286057167794,0.23333333333333334,4582.766666666666
1.0,2.0,0.0,1.0,3316.0,3500.0,88.0,360.0,1.0,1,0,1,0,0,1,6816.0,0.012910798122065728,0.24444444444444444,6815.7555555555555
0.0,0.0,0.0,0.0,10171.25,0.0,242.0,360.0,0.0,0,1,0,0,0,1,10171.25,0.02379255253779034,0.6722222222222223,10170.577777777778
1.0,2.0,1.0,0.0,4200.0,1430.0,129.0,360.0,1.0,0,0,0,1,0,1,5630.0,0.022912966252220248,0.35833333333333334,5629.641666666666
1.0,2.0,0.0,0.0,5042.0,2083.0,185.0,360.0,1.0,0,0,0,1,0,1,7125.0,0.025964912280701753,0.5138888888888888,7124.486111111111
0.0,0.0,0.0,0.0,5417.0,0.0,168.0,360.0,1.0,1,0,1,0,0,1,5417.0,0.031013476093778844,0.4666666666666667,5416.533333333334
0.0,0.0,0.0,1.0,6950.0,0.0,175.0,360.0,1.0,1,1,0,0,0,1,6950.0,0.025179856115107913,0.4861111111111111,6949.513888888889
1.0,0.0,0.0,0.0,2698.0,2034.0,122.0,360.0,1.0,1,1,0,0,0,1,4732.0,0.02578191039729501,0.3388888888888889,4731.6611111111115
1.0,2.0,0.0,0.0,10171.25,0.0,187.0,360.0,1.0,1,0,1,0,0,1,10171.25,0.01838515423374708,0.5194444444444445,10170.730555555556
1.0,0.0,0.0,0.0,2330.0,4486.0,100.0,360.0,1.0,1,1,0,0,1,0,6816.0,0.014671361502347418,0.2777777777777778,6815.722222222223
1.0,2.0,0.0,0.0,10171.25,0.0,70.0,360.0,1.0,1,0,1,0,1,0,10171.25,0.0068821432960550575,0.19444444444444445,10171.055555555555
1.0,1.0,0.0,0.0,1538.0,1425.0,30.0,360.0,1.0,1,0,1,0,0,1,2963.0,0.010124873439082012,0.08333333333333333,2962.9166666666665
0.0,0.0,0.0,0.0,10000.0,1666.0,225.0,360.0,1.0,0,0,0,1,1,0,11666.0,0.019286816389507973,0.625,11665.375
1.0,0.0,0.0,0.0,4860.0,830.0,125.0,360.0,1.0,1,1,0,0,0,1,5690.0,0.021968365553602813,0.3472222222222222,5689.652777777777
0.0,0.0,0.0,0.0,6277.0,0.0,118.0,360.0,0.0,0,0,0,1,0,1,6277.0,0.018798789230524134,0.3277777777777778,6276.672222222222
1.0,0.0,0.0,1.0,2577.0,3750.0,152.0,360.0,1.0,1,0,0,1,0,1,6327.0,0.024024024024024024,0.4222222222222222,6326.577777777778
0.0,0.0,0.0,0.0,9166.0,0.0,244.0,360.0,1.0,0,0,1,0,0,1,9166.0,0.026620117826751038,0.6777777777777778,9165.322222222223
1.0,2.0,1.0,0.0,2281.0,0.0,113.0,360.0,1.0,0,0,0,1,0,1,2281.0,0.049539675580885574,0.3138888888888889,2280.686111111111
0.0,0.0,0.0,0.0,3254.0,0.0,50.0,360.0,1.0,1,0,1,0,0,1,3254.0,0.015365703749231715,0.1388888888888889,3253.8611111111113
1.0,3.0,0.0,0.0,10171.25,0.0,261.5,360.0,0.0,1,1,0,0,0,1,10171.25,0.025709721027405676,0.7263888888888889,10170.523611111112
1.0,1.0,0.0,0.0,6000.0,0.0,160.0,360.0,1.0,1,0,0,1,0,1,6000.0,0.02666666666666667,0.4444444444444444,5999.555555555556
1.0,1.0,0.0,0.0,9538.0,0.0,187.0,360.0,1.0,1,0,1,0,0,1,9538.0,0.019605787376808556,0.5194444444444445,9537.480555555556
0.0,0.0,0.0,0.0,2980.0,2083.0,120.0,360.0,1.0,1,0,0,1,0,1,5063.0,0.023701362828362632,0.3333333333333333,5062.666666666667
1.0,0.0,0.0,0.0,4583.0,5625.0,255.0,360.0,1.0,1,1,0,0,0,1,10208.0,0.02498040752351097,0.7083333333333334,10207.291666666666
1.0,0.0,1.0,0.0,1863.0,1041.0,98.0,360.0,1.0,1,1,0,0,0,1,2904.0,0.0337465564738292,0.2722222222222222,2903.7277777777776
1.0,0.0,0.0,0.0,7933.0,0.0,261.5,360.0,1.0,0,0,1,0,0,1,7933.0,0.03296356989789487,0.7263888888888889,7932.273611111111
1.0,1.0,0.0,0.0,3089.0,1280.0,121.0,360.0,0.0,0,1,0,0,0,1,4369.0,0.027695124742504004,0.33611111111111114,4368.663888888889
1.0,2.0,0.0,0.0,4167.0,1447.0,158.0,360.0,1.0,1,0,0,1,0,1,5614.0,0.028143925899536872,0.4388888888888889,5613.561111111111
1.0,0.0,0.0,0.0,9323.0,0.0,75.0,360.0,1.0,1,0,1,0,0,1,9323.0,0.008044620830204869,0.20833333333333334,9322.791666666666
1.0,0.0,0.0,0.0,3707.0,3166.0,182.0,360.0,1.0,1,0,0,1,0,1,6873.0,0.02648043067074058,0.5055555555555555,6872.4944444444445
1.0,0.0,0.0,0.0,4583.0,0.0,112.0,360.0,1.0,0,0,0,1,1,0,4583.0,0.02443814095570587,0.3111111111111111,4582.688888888889
1.0,0.0,0.0,0.0,2439.0,3333.0,129.0,360.0,1.0,1,0,0,1,0,1,5772.0,0.02234927234927235,0.35833333333333334,5771.641666666666
0.0,0.0,0.0,0.0,2237.0,0.0,63.0,360.0,0.0,0,1,0,0,0,1,2237.0,0.028162717925793473,0.175,2236.825
1.0,2.0,0.0,0.0,8000.0,0.0,200.0,360.0,1.0,1,1,0,0,0,1,8000.0,0.025,0.5555555555555556,7999.444444444444
1.0,0.0,1.0,0.0,1820.0,1769.0,95.0,360.0,1.0,1,0,0,1,0,1,3589.0,0.026469768737809974,0.2638888888888889,3588.7361111111113
1.0,3.0,0.0,0.0,10171.25,0.0,261.5,360.0,1.0,1,0,1,0,0,1,10171.25,0.025709721027405676,0.7263888888888889,10170.523611111112
1.0,3.0,1.0,0.0,3522.0,0.0,81.0,360.0,1.0,0,0,0,1,0,1,3522.0,0.022998296422487224,0.225,3521.775
1.0,0.0,0.0,0.0,5708.0,5625.0,187.0,360.0,1.0,1,1,0,0,0,1,11333.0,0.016500485308391422,0.5194444444444445,11332.480555555556
1.0,0.0,1.0,1.0,4344.0,736.0,87.0,360.0,1.0,0,1,0,0,0,1,5080.0,0.017125984251968505,0.24166666666666667,5079.758333333333
1.0,0.0,0.0,0.0,3497.0,1964.0,116.0,360.0,1.0,1,0,0,1,0,1,5461.0,0.021241530855154733,0.32222222222222224,5460.677777777778
1.0,2.0,0.0,0.0,2045.0,1619.0,101.0,360.0,1.0,1,0,0,1,0,1,3664.0,0.027565502183406112,0.28055555555555556,3663.7194444444444
1.0,3.0,0.0,0.0,5516.0,5743.125,261.5,360.0,0.0,0,1,0,0,0,1,11259.125,0.023225605897438745,0.7263888888888889,11258.398611111112
1.0,1.0,0.0,0.0,3750.0,0.0,116.0,360.0,1.0,1,1,0,0,0,1,3750.0,0.030933333333333334,0.32222222222222224,3749.677777777778
0.0,0.0,1.0,0.0,2333.0,1451.0,102.0,360.0,0.0,0,0,1,0,0,1,3784.0,0.026955602536997886,0.2833333333333333,3783.7166666666667
1.0,1.0,0.0,0.0,6400.0,5743.125,180.0,360.0,0.0,0,0,1,0,0,1,12143.125,0.014823202429358176,0.5,12142.625
0.0,0.0,0.0,0.0,1916.0,5063.0,67.0,360.0,1.0,0,0,0,1,0,1,6979.0,0.00960022925920619,0.18611111111111112,6978.813888888889
1.0,0.0,0.0,0.0,4600.0,0.0,73.0,360.0,1.0,1,1,0,0,0,1,4600.0,0.015869565217391305,0.20277777777777778,4599.797222222222
1.0,1.0,0.0,0.0,10171.25,0.0,260.0,360.0,1.0,0,1,0,0,0,1,10171.25,0.025562246528204498,0.7222222222222222,10170.527777777777
1.0,0.0,0.0,0.0,3625.0,0.0,108.0,360.0,1.0,1,1,0,0,1,0,3625.0,0.029793103448275862,0.3,3624.7
1.0,0.0,0.0,1.0,10171.25,4750.0,120.0,360.0,1.0,1,1,0,0,0,1,14921.25,0.008042221663734606,0.3333333333333333,14920.916666666666
1.0,1.0,0.0,1.0,2178.0,0.0,66.0,360.0,0.0,0,0,0,1,0,1,2178.0,0.030303030303030304,0.18333333333333332,2177.8166666666666
1.0,0.0,0.0,0.0,2383.0,2138.0,58.0,360.0,1.0,1,0,0,1,0,1,4521.0,0.012829020128290201,0.16111111111111112,4520.8388888888885
1.0,0.0,0.0,1.0,674.0,5296.0,168.0,360.0,1.0,1,0,0,1,0,1,5970.0,0.02814070351758794,0.4666666666666667,5969.533333333334
1.0,0.0,0.0,0.0,9328.0,0.0,188.0,360.0,1.0,1,0,0,1,0,1,9328.0,0.020154373927958835,0.5222222222222223,9327.477777777778
0.0,0.0,1.0,0.0,4885.0,0.0,48.0,360.0,1.0,1,0,0,1,0,1,4885.0,0.009825997952917094,0.13333333333333333,4884.866666666667
0.0,0.0,0.0,0.0,10171.25,0.0,164.0,360.0,1.0,0,1,0,0,0,1,10171.25,0.016123878579328992,0.45555555555555555,10170.794444444444
1.0,0.0,1.0,0.0,6033.0,0.0,160.0,360.0,1.0,0,0,1,0,0,1,6033.0,0.026520802254268193,0.4444444444444444,6032.555555555556
0.0,0.0,0.0,0.0,3858.0,0.0,76.0,360.0,1.0,1,1,0,0,0,1,3858.0,0.019699326075686883,0.2111111111111111,3857.788888888889
0.0,0.0,0.0,0.0,4191.0,0.0,120.0,360.0,1.0,1,0,0,1,0,1,4191.0,0.02863278453829635,0.3333333333333333,4190.666666666667
1.0,1.0,0.0,0.0,3125.0,2583.0,170.0,360.0,1.0,0,1,0,0,0,1,5708.0,0.029782761037140854,0.4722222222222222,5707.527777777777
0.0,0.0,0.0,0.0,8333.0,3750.0,187.0,360.0,1.0,1,0,0,1,0,1,12083.0,0.015476289001075892,0.5194444444444445,12082.480555555556
0.0,0.0,1.0,0.0,1907.0,2365.0,120.0,360.0,1.0,1,0,1,0,1,0,4272.0,0.028089887640449437,0.3333333333333333,4271.666666666667
1.0,0.0,0.0,0.0,3416.0,2816.0,113.0,360.0,1.0,1,1,0,0,1,0,6232.0,0.01813222079589217,0.3138888888888889,6231.686111111111
0.0,0.0,0.0,1.0,10171.25,0.0,83.0,360.0,1.0,0,0,1,0,0,1,10171.25,0.008160255622465282,0.23055555555555557,10171.019444444444
1.0,1.0,1.0,0.0,2600.0,2500.0,90.0,360.0,1.0,1,1,0,0,0,1,5100.0,0.01764705882352941,0.25,5099.75
0.0,2.0,0.0,0.0,4923.0,0.0,166.0,360.0,0.0,1,1,0,0,0,1,4923.0,0.03371927686370099,0.46111111111111114,4922.538888888889
1.0,3.0,1.0,0.0,3992.0,0.0,128.0,360.0,1.0,0,0,1,0,0,1,3992.0,0.03206412825651302,0.35555555555555557,3991.6444444444446
1.0,1.0,1.0,0.0,3500.0,1083.0,135.0,360.0,1.0,1,0,1,0,0,1,4583.0,0.029456687759109753,0.375,4582.625
1.0,2.0,1.0,0.0,3917.0,0.0,124.0,360.0,1.0,1,1,0,0,0,1,3917.0,0.03165688026550932,0.34444444444444444,3916.6555555555556
0.0,0.0,1.0,0.0,4408.0,0.0,120.0,360.0,1.0,1,1,0,0,1,0,4408.0,0.02722323049001815,0.3333333333333333,4407.666666666667
0.0,0.0,0.0,0.0,3244.0,0.0,80.0,360.0,1.0,1,0,1,0,1,0,3244.0,0.02466091245376079,0.2222222222222222,3243.777777777778
0.0,0.0,1.0,0.0,3975.0,2531.0,55.0,360.0,1.0,1,0,0,1,0,1,6506.0,0.008453735013833385,0.1527777777777778,6505.847222222223
0.0,0.0,0.0,0.0,2479.0,0.0,59.0,360.0,1.0,1,0,1,0,0,1,2479.0,0.02379991932230738,0.1638888888888889,2478.836111111111
0.0,0.0,0.0,0.0,3418.0,0.0,127.0,360.0,1.0,0,1,0,0,0,1,3418.0,0.0371562317144529,0.3527777777777778,3417.6472222222224
0.0,0.0,0.0,0.0,10000.0,0.0,214.0,360.0,1.0,0,1,0,0,1,0,10000.0,0.0214,0.5944444444444444,9999.405555555555
1.0,3.0,0.0,0.0,3430.0,1250.0,128.0,360.0,0.0,0,1,0,0,0,1,4680.0,0.02735042735042735,0.35555555555555557,4679.644444444444
1.0,1.0,0.0,1.0,7787.0,0.0,240.0,360.0,1.0,1,0,1,0,0,1,7787.0,0.030820598433286245,0.6666666666666666,7786.333333333333
1.0,3.0,1.0,1.0,5703.0,0.0,130.0,360.0,1.0,1,0,0,1,0,1,5703.0,0.02279502016482553,0.3611111111111111,5702.638888888889
1.0,0.0,0.0,0.0,3173.0,3021.0,137.0,360.0,1.0,1,0,1,0,0,1,6194.0,0.022118178882789795,0.38055555555555554,6193.6194444444445
1.0,3.0,1.0,0.0,3850.0,983.0,100.0,360.0,1.0,1,1,0,0,0,1,4833.0,0.02069108214359611,0.2777777777777778,4832.722222222223
1.0,0.0,0.0,0.0,150.0,1800.0,135.0,360.0,1.0,0,0,0,1,0,1,1950.0,0.06923076923076923,0.375,1949.625
1.0,0.0,0.0,0.0,3727.0,1775.0,131.0,360.0,1.0,1,1,0,0,0,1,5502.0,0.023809523809523808,0.3638888888888889,5501.636111111111
1.0,2.0,0.0,0.0,5000.0,0.0,72.0,360.0,0.0,0,1,0,0,0,1,5000.0,0.0144,0.2,4999.8
1.0,2.0,0.0,0.0,4283.0,2383.0,127.0,360.0,1.0,1,1,0,0,1,0,6666.0,0.019051905190519053,0.3527777777777778,6665.647222222222
1.0,0.0,0.0,0.0,2221.0,0.0,60.0,360.0,0.0,0,0,1,0,0,1,2221.0,0.0270148581719946,0.16666666666666666,2220.8333333333335
1.0,2.0,0.0,0.0,4009.0,1717.0,116.0,360.0,1.0,1,1,0,0,0,1,5726.0,0.020258470136220747,0.32222222222222224,5725.677777777778
0.0,0.0,0.0,0.0,2971.0,2791.0,144.0,360.0,1.0,1,1,0,0,0,1,5762.0,0.024991322457480043,0.4,5761.6
1.0,0.0,0.0,0.0,7578.0,1010.0,175.0,360.0,1.0,1,1,0,0,0,1,8588.0,0.0203772706101537,0.4861111111111111,8587.513888888889
1.0,0.0,0.0,0.0,6250.0,0.0,128.0,360.0,1.0,1,1,0,0,0,1,6250.0,0.02048,0.35555555555555557,6249.644444444444
1.0,0.0,0.0,0.0,3250.0,0.0,170.0,360.0,1.0,0,0,0,1,0,1,3250.0,0.052307692307692305,0.4722222222222222,3249.527777777778
1.0,0.0,1.0,1.0,4735.0,0.0,138.0,360.0,1.0,0,0,1,0,0,1,4735.0,0.02914466737064414,0.38333333333333336,4734.616666666667
1.0,2.0,0.0,0.0,6250.0,1695.0,210.0,360.0,1.0,1,1,0,0,0,1,7945.0,0.02643171806167401,0.5833333333333334,7944.416666666667
1.0,0.0,0.0,0.0,4758.0,0.0,158.0,360.0,1.0,1,1,0,0,0,1,4758.0,0.0332072299285414,0.4388888888888889,4757.561111111111
0.0,0.0,0.0,1.0,6400.0,0.0,200.0,360.0,1.0,1,0,0,1,0,1,6400.0,0.03125,0.5555555555555556,6399.444444444444
1.0,1.0,0.0,0.0,2491.0,2054.0,104.0,360.0,1.0,1,1,0,0,0,1,4545.0,0.02288228822882288,0.28888888888888886,4544.711111111111
1.0,0.0,0.0,0.0,3716.0,0.0,42.0,360.0,1.0,1,0,0,1,0,1,3716.0,0.011302475780409042,0.11666666666666667,3715.883333333333
0.0,0.0,1.0,0.0,3189.0,2598.0,120.0,360.0,1.0,1,0,0,1,0,1,5787.0,0.020736132711249352,0.3333333333333333,5786.666666666667
0.0,0.0,0.0,0.0,8333.0,0.0,261.5,360.0,1.0,1,1,0,0,1,0,8333.0,0.03138125525021001,0.7263888888888889,8332.273611111112
1.0,1.0,0.0,0.0,3155.0,1779.0,140.0,360.0,1.0,1,1,0,0,0,1,4934.0,0.02837454398054317,0.3888888888888889,4933.611111111111
1.0,1.0,0.0,0.0,5500.0,1260.0,170.0,360.0,1.0,1,0,0,1,0,1,6760.0,0.02514792899408284,0.4722222222222222,6759.527777777777
1.0,0.0,0.0,0.0,5746.0,0.0,255.0,360.0,1.0,0,0,1,0,0,1,5746.0,0.04437869822485207,0.7083333333333334,5745.291666666667
0.0,0.0,0.0,1.0,3463.0,0.0,122.0,360.0,1.0,1,0,1,0,1,0,3463.0,0.03522956973722206,0.3388888888888889,3462.661111111111
0.0,1.0,0.0,0.0,3812.0,0.0,112.0,360.0,1.0,1,0,0,1,1,0,3812.0,0.02938090241343127,0.3111111111111111,3811.688888888889
1.0,1.0,0.0,0.0,3315.0,0.0,96.0,360.0,1.0,1,1,0,0,0,1,3315.0,0.02895927601809955,0.26666666666666666,3314.733333333333
1.0,2.0,0.0,0.0,5819.0,5000.0,120.0,360.0,1.0,1,0,0,1,0,1,10819.0,0.01109159811442832,0.3333333333333333,10818.666666666666
1.0,1.0,1.0,0.0,2510.0,1983.0,140.0,360.0,1.0,0,0,1,0,0,1,4493.0,0.031159581571333184,0.3888888888888889,4492.611111111111
0.0,0.0,0.0,0.0,2965.0,5701.0,155.0,360.0,1.0,1,0,1,0,0,1,8666.0,0.017885991230094624,0.4305555555555556,8665.569444444445
1.0,2.0,0.0,1.0,6250.0,1300.0,108.0,360.0,1.0,1,0,0,1,0,1,7550.0,0.014304635761589404,0.3,7549.7
1.0,0.0,1.0,0.0,3406.0,4417.0,123.0,360.0,1.0,1,1,0,0,0,1,7823.0,0.01572286846478333,0.3416666666666667,7822.658333333334
0.0,0.0,0.0,1.0,6050.0,4333.0,120.0,360.0,1.0,0,0,1,0,0,1,10383.0,0.011557353366079168,0.3333333333333333,10382.666666666666
1.0,2.0,0.0,0.0,9703.0,0.0,112.0,360.0,1.0,1,0,1,0,0,1,9703.0,0.011542821807688343,0.3111111111111111,9702.68888888889
1.0,1.0,1.0,0.0,6608.0,0.0,137.0,360.0,1.0,1,0,1,0,0,1,6608.0,0.020732445520581115,0.38055555555555554,6607.6194444444445
1.0,1.0,0.0,0.0,2882.0,1843.0,123.0,360.0,1.0,1,1,0,0,0,1,4725.0,0.02603174603174603,0.3416666666666667,4724.658333333334
1.0,0.0,0.0,0.0,1809.0,1868.0,90.0,360.0,1.0,1,0,1,0,0,1,3677.0,0.024476475387544192,0.25,3676.75
1.0,0.0,1.0,0.0,1668.0,3890.0,201.0,360.0,0.0,0,1,0,0,0,1,5558.0,0.0361640878013674,0.5583333333333333,5557.441666666667
0.0,2.0,0.0,0.0,3427.0,0.0,138.0,360.0,1.0,0,0,1,0,1,0,3427.0,0.040268456375838924,0.38333333333333336,3426.616666666667
0.0,0.0,1.0,1.0,2583.0,2167.0,104.0,360.0,1.0,1,0,0,1,0,1,4750.0,0.021894736842105262,0.28888888888888886,4749.711111111111
1.0,1.0,1.0,0.0,2661.0,5743.125,261.5,360.0,1.0,1,1,0,0,0,1,8404.125,0.031115672363273988,0.7263888888888889,8403.398611111112
0.0,0.0,0.0,1.0,10171.25,0.0,192.0,360.0,0.0,0,0,1,0,0,1,10171.25,0.018876735897751015,0.5333333333333333,10170.716666666667
0.0,3.0,0.0,0.0,3083.0,0.0,255.0,360.0,1.0,1,0,0,1,1,0,3083.0,0.08271164450210834,0.7083333333333334,3082.2916666666665
0.0,0.0,1.0,0.0,6045.0,0.0,115.0,360.0,0.0,0,0,0,1,0,1,6045.0,0.01902398676592225,0.3194444444444444,6044.680555555556
1.0,3.0,0.0,0.0,5250.0,0.0,94.0,360.0,1.0,0,0,1,0,0,1,5250.0,0.017904761904761906,0.2611111111111111,5249.738888888889
1.0,0.0,0.0,0.0,10171.25,2100.0,261.5,360.0,1.0,0,0,0,1,0,1,12271.25,0.021309972496689415,0.7263888888888889,12270.523611111112
1.0,3.0,1.0,0.0,4931.0,0.0,128.0,360.0,1.0,0,1,0,0,0,1,4931.0,0.02595822348408031,0.35555555555555557,4930.644444444444
1.0,1.0,0.0,0.0,6083.0,4250.0,261.5,360.0,1.0,1,0,1,0,0,1,10333.0,0.025307267976386334,0.7263888888888889,10332.273611111112
0.0,0.0,0.0,0.0,2060.0,2209.0,134.0,360.0,1.0,1,1,0,0,0,1,4269.0,0.03138908409463575,0.37222222222222223,4268.627777777778
0.0,1.0,0.0,0.0,3481.0,0.0,155.0,360.0,1.0,0,1,0,0,1,0,3481.0,0.04452743464521689,0.4305555555555556,3480.5694444444443
0.0,0.0,0.0,0.0,7200.0,0.0,120.0,360.0,1.0,1,0,0,1,1,0,7200.0,0.016666666666666666,0.3333333333333333,7199.666666666667
0.0,0.0,0.0,1.0,5166.0,0.0,128.0,360.0,1.0,1,1,0,0,0,1,5166.0,0.024777390631049168,0.35555555555555557,5165.644444444444
0.0,0.0,0.0,0.0,4095.0,3447.0,151.0,360.0,1.0,1,0,0,1,0,1,7542.0,0.02002121453195439,0.41944444444444445,7541.580555555555
1.0,2.0,0.0,0.0,4708.0,1387.0,150.0,360.0,1.0,1,1,0,0,0,1,6095.0,0.02461033634126333,0.4166666666666667,6094.583333333333
1.0,3.0,0.0,0.0,4333.0,1811.0,160.0,360.0,0.0,1,0,1,0,0,1,6144.0,0.026041666666666668,0.4444444444444444,6143.555555555556
0.0,0.0,0.0,0.0,3418.0,0.0,135.0,360.0,1.0,0,0,0,1,1,0,3418.0,0.03949678174370977,0.375,3417.625
0.0,1.0,0.0,0.0,2876.0,1560.0,90.0,360.0,1.0,1,0,1,0,1,0,4436.0,0.02028854824165915,0.25,4435.75
0.0,0.0,0.0,0.0,3237.0,0.0,30.0,360.0,1.0,1,0,1,0,1,0,3237.0,0.009267840593141797,0.08333333333333333,3236.9166666666665
1.0,0.0,0.0,0.0,10171.25,0.0,136.0,360.0,1.0,1,0,1,0,0,1,10171.25,0.013371021260906968,0.37777777777777777,10170.872222222222
0.0,0.0,0.0,0.0,2833.0,1857.0,126.0,360.0,1.0,1,0,0,1,0,1,4690.0,0.026865671641791045,0.35,4689.65
1.0,0.0,0.0,0.0,2620.0,2223.0,150.0,360.0,1.0,1,1,0,0,0,1,4843.0,0.03097253768325418,0.4166666666666667,4842.583333333333
1.0,2.0,0.0,0.0,3900.0,0.0,90.0,360.0,1.0,1,1,0,0,0,1,3900.0,0.023076923076923078,0.25,3899.75
1.0,1.0,0.0,0.0,2750.0,1842.0,115.0,360.0,1.0,1,1,0,0,0,1,4592.0,0.02504355400696864,0.3194444444444444,4591.680555555556
1.0,0.0,0.0,0.0,3993.0,3274.0,207.0,360.0,1.0,1,1,0,0,0,1,7267.0,0.02848493188385854,0.575,7266.425
1.0,0.0,0.0,0.0,3103.0,1300.0,80.0,360.0,1.0,1,0,1,0,0,1,4403.0,0.018169429934135818,0.2222222222222222,4402.777777777777
1.0,0.0,0.0,0.0,10171.25,0.0,261.5,360.0,1.0,1,1,0,0,0,1,10171.25,0.025709721027405676,0.7263888888888889,10170.523611111112
1.0,0.0,1.0,0.0,4100.0,0.0,124.0,360.0,1.0,1,0,0,1,1,0,4100.0,0.03024390243902439,0.34444444444444444,4099.655555555555
0.0,1.0,1.0,1.0,4053.0,2426.0,158.0,360.0,0.0,0,0,1,0,0,1,6479.0,0.02438647939496836,0.4388888888888889,6478.561111111111
1.0,0.0,0.0,0.0,3927.0,800.0,112.0,360.0,1.0,1,1,0,0,0,1,4727.0,0.0236936746350751,0.3111111111111111,4726.688888888889
1.0,2.0,0.0,0.0,2301.0,985.7999878,78.0,360.0,1.0,1,0,1,0,0,1,3286.7999878,0.023731288879615956,0.21666666666666667,3286.5833211333334
0.0,0.0,0.0,0.0,1811.0,1666.0,54.0,360.0,1.0,1,0,1,0,1,0,3477.0,0.015530629853321829,0.15,3476.85
1.0,0.0,0.0,0.0,10171.25,0.0,128.0,360.0,1.0,0,0,0,1,0,1,10171.25,0.012584490598500676,0.35555555555555557,10170.894444444444
0.0,0.0,0.0,0.0,3158.0,3053.0,89.0,360.0,1.0,1,0,0,1,0,1,6211.0,0.014329415553051039,0.24722222222222223,6210.752777777778
0.0,0.0,0.0,1.0,2600.0,1717.0,99.0,360.0,1.0,0,1,0,0,1,0,4317.0,0.022932592077831826,0.275,4316.725
1.0,0.0,0.0,0.0,3704.0,2000.0,120.0,360.0,1.0,1,0,0,1,0,1,5704.0,0.021037868162692847,0.3333333333333333,5703.666666666667
0.0,0.0,0.0,0.0,4124.0,0.0,115.0,360.0,1.0,1,1,0,0,1,0,4124.0,0.027885548011639186,0.3194444444444444,4123.680555555556
0.0,0.0,0.0,0.0,9508.0,0.0,187.0,360.0,1.0,1,0,0,1,0,1,9508.0,0.019667648296171646,0.5194444444444445,9507.480555555556
1.0,0.0,0.0,0.0,3075.0,2416.0,139.0,360.0,1.0,1,0,0,1,0,1,5491.0,0.025314150427973046,0.3861111111111111,5490.613888888889
1.0,2.0,0.0,0.0,4400.0,0.0,127.0,360.0,0.0,0,1,0,0,0,1,4400.0,0.028863636363636362,0.3527777777777778,4399.647222222222
1.0,2.0,0.0,0.0,3153.0,1560.0,134.0,360.0,1.0,1,0,1,0,0,1,4713.0,0.028431996605134735,0.37222222222222223,4712.627777777778
0.0,0.0,0.0,0.0,5417.0,0.0,143.0,360.0,0.0,0,0,1,0,1,0,5417.0,0.026398375484585564,0.3972222222222222,5416.602777777778
1.0,0.0,0.0,0.0,2383.0,3334.0,172.0,360.0,1.0,1,1,0,0,0,1,5717.0,0.03008570928808816,0.4777777777777778,5716.522222222222
1.0,3.0,0.0,0.0,4416.0,1250.0,110.0,360.0,1.0,1,0,1,0,0,1,5666.0,0.01941404871161313,0.3055555555555556,5665.694444444444
1.0,1.0,0.0,0.0,6875.0,0.0,200.0,360.0,1.0,1,1,0,0,0,1,6875.0,0.02909090909090909,0.5555555555555556,6874.444444444444
1.0,1.0,0.0,0.0,4666.0,0.0,135.0,360.0,1.0,1,0,1,0,1,0,4666.0,0.028932704672096014,0.375,4665.625
0.0,0.0,0.0,0.0,5000.0,2541.0,151.0,360.0,1.0,0,0,0,1,1,0,7541.0,0.020023869513327144,0.41944444444444445,7540.580555555555
1.0,1.0,0.0,0.0,2014.0,2925.0,113.0,360.0,1.0,0,0,1,0,0,1,4939.0,0.02287912532901397,0.3138888888888889,4938.686111111111
1.0,0.0,1.0,0.0,1800.0,2934.0,93.0,360.0,0.0,0,0,1,0,0,1,4734.0,0.01964512040557668,0.25833333333333336,4733.741666666667
1.0,0.0,1.0,0.0,2875.0,1750.0,105.0,360.0,1.0,1,1,0,0,0,1,4625.0,0.022702702702702703,0.2916666666666667,4624.708333333333
0.0,0.0,0.0,0.0,5000.0,0.0,132.0,360.0,1.0,1,0,0,1,1,0,5000.0,0.0264,0.36666666666666664,4999.633333333333
1.0,1.0,0.0,0.0,1625.0,1803.0,96.0,360.0,1.0,1,0,1,0,0,1,3428.0,0.028004667444574097,0.26666666666666666,3427.733333333333
0.0,0.0,0.0,0.0,4000.0,2500.0,140.0,360.0,1.0,1,0,0,1,0,1,6500.0,0.021538461538461538,0.3888888888888889,6499.611111111111
0.0,0.0,1.0,0.0,2000.0,0.0,128.0,360.0,1.0,0,0,1,0,0,1,2000.0,0.064,0.35555555555555557,1999.6444444444444
0.0,0.0,0.0,0.0,3762.0,1666.0,135.0,360.0,1.0,1,0,0,1,1,0,5428.0,0.024871039056742816,0.375,5427.625
0.0,0.0,0.0,0.0,2400.0,1863.0,104.0,360.0,0.0,0,0,1,0,1,0,4263.0,0.02439596528266479,0.28888888888888886,4262.711111111111
0.0,0.0,0.0,0.0,10171.25,0.0,261.5,360.0,1.0,0,0,0,1,0,1,10171.25,0.025709721027405676,0.7263888888888889,10170.523611111112
1.0,2.0,1.0,0.0,7667.0,0.0,185.0,360.0,1.0,1,0,0,1,0,1,7667.0,0.024129385678883526,0.5138888888888888,7666.486111111111
0.0,0.0,0.0,0.0,2917.0,0.0,84.0,360.0,1.0,1,1,0,0,1,0,2917.0,0.028796708947548853,0.23333333333333334,2916.766666666667
0.0,0.0,1.0,0.0,2927.0,2405.0,111.0,360.0,1.0,1,1,0,0,0,1,5332.0,0.020817704426106528,0.30833333333333335,5331.691666666667
0.0,0.0,0.0,0.0,2507.0,0.0,56.0,360.0,1.0,1,0,0,1,1,0,2507.0,0.022337455125648185,0.15555555555555556,2506.8444444444444
1.0,2.0,0.0,1.0,5746.0,0.0,144.0,360.0,1.0,1,0,0,1,0,1,5746.0,0.025060911938739994,0.4,5745.6
1.0,0.0,0.0,0.0,2473.0,1843.0,159.0,360.0,1.0,0,0,0,1,0,1,4316.0,0.036839666357738644,0.44166666666666665,4315.558333333333
1.0,1.0,1.0,0.0,3399.0,1640.0,111.0,360.0,1.0,1,0,1,0,0,1,5039.0,0.022028180194483032,0.30833333333333335,5038.691666666667
1.0,2.0,0.0,0.0,3717.0,0.0,120.0,360.0,1.0,1,1,0,0,0,1,3717.0,0.03228410008071025,0.3333333333333333,3716.6666666666665
1.0,0.0,0.0,0.0,2058.0,2134.0,88.0,360.0,1.0,1,0,1,0,0,1,4192.0,0.02099236641221374,0.24444444444444444,4191.7555555555555
0.0,1.0,0.0,0.0,3541.0,0.0,112.0,360.0,1.0,1,1,0,0,1,0,3541.0,0.031629483196837054,0.3111111111111111,3540.688888888889
1.0,1.0,0.0,1.0,10000.0,0.0,155.0,360.0,1.0,0,0,0,1,0,1,10000.0,0.0155,0.4305555555555556,9999.569444444445
1.0,0.0,0.0,0.0,2400.0,2167.0,115.0,360.0,1.0,1,1,0,0,0,1,4567.0,0.025180643748631486,0.3194444444444444,4566.680555555556
1.0,3.0,0.0,0.0,4342.0,189.0,124.0,360.0,1.0,1,1,0,0,0,1,4531.0,0.027367027146325315,0.34444444444444444,4530.655555555555
1.0,2.0,1.0,0.0,3601.0,1590.0,128.0,360.0,1.0,1,0,0,1,0,1,5191.0,0.024658062030437296,0.35555555555555557,5190.644444444444
0.0,0.0,0.0,0.0,3166.0,2985.0,132.0,360.0,1.0,1,0,0,1,1,0,6151.0,0.021459925215412127,0.36666666666666664,6150.633333333333
1.0,3.0,0.0,0.0,10171.25,0.0,261.5,360.0,1.0,1,0,0,1,0,1,10171.25,0.025709721027405676,0.7263888888888889,10170.523611111112
1.0,1.0,0.0,1.0,8666.0,4983.0,261.5,360.0,0.0,0,0,0,1,0,1,13649.0,0.019158912740860137,0.7263888888888889,13648.273611111112
0.0,0.0,0.0,0.0,4917.0,0.0,130.0,360.0,0.0,1,0,0,1,0,1,4917.0,0.026438885499288182,0.3611111111111111,4916.638888888889
1.0,0.0,0.0,1.0,5818.0,2160.0,184.0,360.0,1.0,1,1,0,0,0,1,7978.0,0.023063424417147156,0.5111111111111111,7977.488888888889
1.0,0.0,0.0,0.0,4333.0,2451.0,110.0,360.0,1.0,0,0,1,0,1,0,6784.0,0.016214622641509434,0.3055555555555556,6783.694444444444
0.0,0.0,0.0,0.0,2500.0,0.0,67.0,360.0,1.0,1,0,1,0,1,0,2500.0,0.0268,0.18611111111111112,2499.813888888889
0.0,1.0,0.0,0.0,4384.0,1793.0,117.0,360.0,1.0,1,0,1,0,0,1,6177.0,0.01894123360854784,0.325,6176.675
0.0,0.0,0.0,0.0,2935.0,0.0,98.0,360.0,1.0,1,1,0,0,0,1,2935.0,0.03339011925042589,0.2722222222222222,2934.7277777777776
0.0,0.0,0.0,0.0,2833.0,0.0,71.0,360.0,1.0,1,0,1,0,0,1,2833.0,0.025061771973173313,0.19722222222222222,2832.802777777778
1.0,0.0,0.0,0.0,10171.25,0.0,261.5,360.0,1.0,1,0,1,0,0,1,10171.25,0.025709721027405676,0.7263888888888889,10170.523611111112
1.0,1.0,0.0,1.0,9833.0,1833.0,182.0,360.0,1.0,1,0,1,0,0,1,11666.0,0.015600891479513115,0.5055555555555555,11665.494444444445
1.0,0.0,0.0,1.0,5503.0,4490.0,70.0,360.0,1.0,1,1,0,0,0,1,9993.0,0.007004903432402682,0.19444444444444445,9992.805555555555
1.0,1.0,0.0,0.0,5250.0,688.0,160.0,360.0,1.0,1,0,0,1,0,1,5938.0,0.02694509936005389,0.4444444444444444,5937.555555555556
1.0,2.0,0.0,1.0,2500.0,4600.0,176.0,360.0,1.0,1,0,0,1,0,1,7100.0,0.024788732394366197,0.4888888888888889,7099.511111111111
0.0,3.0,1.0,0.0,1830.0,0.0,128.0,360.0,0.0,0,0,1,0,1,0,1830.0,0.06994535519125683,0.35555555555555557,1829.6444444444444
0.0,0.0,0.0,0.0,4160.0,0.0,71.0,360.0,1.0,1,1,0,0,1,0,4160.0,0.01706730769230769,0.19722222222222222,4159.802777777778
1.0,3.0,1.0,0.0,2647.0,1587.0,173.0,360.0,1.0,0,0,0,1,0,1,4234.0,0.040859707132735006,0.48055555555555557,4233.519444444444
0.0,0.0,0.0,0.0,2378.0,0.0,46.0,360.0,1.0,0,0,0,1,1,0,2378.0,0.01934398654331371,0.12777777777777777,2377.8722222222223
1.0,1.0,1.0,0.0,4554.0,1229.0,158.0,360.0,1.0,1,0,1,0,0,1,5783.0,0.027321459450112398,0.4388888888888889,5782.561111111111
1.0,3.0,1.0,0.0,3173.0,0.0,74.0,360.0,1.0,1,1,0,0,0,1,3173.0,0.023321777497636306,0.20555555555555555,3172.7944444444443
1.0,2.0,0.0,0.0,2583.0,2330.0,125.0,360.0,1.0,1,0,0,1,0,1,4913.0,0.0254427030327702,0.3472222222222222,4912.652777777777
1.0,0.0,0.0,0.0,2499.0,2458.0,160.0,360.0,1.0,1,1,0,0,0,1,4957.0,0.03227758725035303,0.4444444444444444,4956.555555555556
1.0,0.0,1.0,0.0,3523.0,3230.0,152.0,360.0,0.0,0,0,0,1,0,1,6753.0,0.02250851473419221,0.4222222222222222,6752.577777777778
1.0,2.0,1.0,0.0,3083.0,2168.0,126.0,360.0,1.0,1,0,1,0,0,1,5251.0,0.023995429442011044,0.35,5250.65
1.0,0.0,0.0,0.0,6333.0,4583.0,259.0,360.0,1.0,1,1,0,0,0,1,10916.0,0.02372663979479663,0.7194444444444444,10915.280555555555
1.0,0.0,0.0,0.0,2625.0,5743.125,187.0,360.0,1.0,1,0,0,1,0,1,8368.125,0.02234670251699156,0.5194444444444445,8367.605555555556
1.0,0.0,0.0,0.0,9083.0,0.0,228.0,360.0,1.0,1,1,0,0,0,1,9083.0,0.025101838599581636,0.6333333333333333,9082.366666666667
0.0,0.0,0.0,0.0,8750.0,4167.0,261.5,360.0,1.0,0,0,0,1,0,1,12917.0,0.02024463884802973,0.7263888888888889,12916.273611111112
1.0,3.0,0.0,0.0,2666.0,2083.0,95.0,360.0,1.0,1,0,0,1,0,1,4749.0,0.02000421141292904,0.2638888888888889,4748.736111111111
1.0,0.0,0.0,1.0,5500.0,0.0,105.0,360.0,0.0,0,0,0,1,1,0,5500.0,0.019090909090909092,0.2916666666666667,5499.708333333333
1.0,0.0,0.0,0.0,2423.0,505.0,130.0,360.0,1.0,1,1,0,0,1,0,2928.0,0.04439890710382514,0.3611111111111111,2927.6388888888887
0.0,0.0,0.0,0.0,3813.0,0.0,116.0,360.0,1.0,1,0,1,0,1,0,3813.0,0.03042223970626803,0.32222222222222224,3812.677777777778
1.0,2.0,0.0,0.0,8333.0,3167.0,165.0,360.0,1.0,1,0,0,1,0,1,11500.0,0.014347826086956521,0.4583333333333333,11499.541666666666
1.0,1.0,0.0,0.0,3875.0,0.0,67.0,360.0,1.0,0,0,1,0,0,1,3875.0,0.01729032258064516,0.18611111111111112,3874.813888888889
1.0,0.0,1.0,0.0,3000.0,1666.0,100.0,360.0,0.0,0,0,1,0,0,1,4666.0,0.021431633090441493,0.2777777777777778,4665.722222222223
1.0,3.0,0.0,0.0,5167.0,3167.0,200.0,360.0,1.0,1,1,0,0,0,1,8334.0,0.023998080153587713,0.5555555555555556,8333.444444444445
0.0,1.0,0.0,0.0,4723.0,0.0,81.0,360.0,1.0,0,1,0,0,1,0,4723.0,0.017150116451408005,0.225,4722.775
1.0,2.0,0.0,0.0,5000.0,3667.0,236.0,360.0,1.0,1,1,0,0,0,1,8667.0,0.027229721933771777,0.6555555555555556,8666.344444444445
1.0,0.0,0.0,0.0,4750.0,2333.0,130.0,360.0,1.0,1,0,1,0,0,1,7083.0,0.01835380488493576,0.3611111111111111,7082.638888888889
1.0,0.0,0.0,0.0,3013.0,3033.0,95.0,360.0,1.0,1,0,1,0,0,1,6046.0,0.0157128680119087,0.2638888888888889,6045.736111111111
0.0,0.0,0.0,1.0,6822.0,0.0,141.0,360.0,1.0,1,0,0,1,0,1,6822.0,0.020668425681618294,0.39166666666666666,6821.608333333334
0.0,0.0,1.0,0.0,6216.0,0.0,133.0,360.0,1.0,0,0,0,1,0,1,6216.0,0.021396396396396396,0.36944444444444446,6215.6305555555555
0.0,0.0,0.0,0.0,2500.0,0.0,96.0,360.0,1.0,0,1,0,0,0,1,2500.0,0.0384,0.26666666666666666,2499.733333333333
0.0,0.0,0.0,0.0,5124.0,0.0,124.0,360.0,0.0,0,0,0,1,0,1,5124.0,0.02419984387197502,0.34444444444444444,5123.655555555555
1.0,1.0,0.0,0.0,6325.0,0.0,175.0,360.0,1.0,1,1,0,0,0,1,6325.0,0.02766798418972332,0.4861111111111111,6324.513888888889
1.0,0.0,0.0,0.0,10171.25,5266.0,261.5,360.0,1.0,0,0,0,1,0,1,15437.25,0.0169395455796855,0.7263888888888889,15436.523611111112
0.0,0.0,0.0,1.0,10171.25,0.0,55.0,360.0,1.0,1,1,0,0,1,0,10171.25,0.005407398304043259,0.1527777777777778,10171.097222222223
1.0,2.0,0.0,0.0,5185.0,0.0,155.0,360.0,1.0,1,1,0,0,0,1,5185.0,0.029893924783027964,0.4305555555555556,5184.569444444444
1.0,2.0,0.0,1.0,9323.0,5743.125,261.5,360.0,1.0,1,0,0,1,0,1,15066.125,0.01735681869093745,0.7263888888888889,15065.398611111112
0.0,1.0,0.0,0.0,3062.0,1987.0,111.0,360.0,0.0,0,0,1,0,0,1,5049.0,0.021984551396316103,0.30833333333333335,5048.691666666667
0.0,0.0,0.0,0.0,2764.0,1459.0,110.0,360.0,1.0,1,0,1,0,1,0,4223.0,0.02604783329386692,0.3055555555555556,4222.694444444444
1.0,0.0,0.0,0.0,4817.0,923.0,120.0,360.0,1.0,1,0,1,0,0,1,5740.0,0.020905923344947737,0.3333333333333333,5739.666666666667
1.0,3.0,0.0,0.0,8750.0,4996.0,130.0,360.0,1.0,1,0,0,1,0,1,13746.0,0.009457296668121635,0.3611111111111111,13745.638888888889
1.0,0.0,0.0,0.0,4310.0,0.0,130.0,360.0,1.0,1,1,0,0,0,1,4310.0,0.030162412993039442,0.3611111111111111,4309.638888888889
0.0,0.0,0.0,0.0,3069.0,0.0,71.0,360.0,1.0,0,0,1,0,0,1,3069.0,0.023134571521668295,0.19722222222222222,3068.802777777778
1.0,2.0,0.0,0.0,5391.0,0.0,130.0,360.0,1.0,1,0,1,0,0,1,5391.0,0.024114264514932295,0.3611111111111111,5390.638888888889
1.0,0.0,0.0,0.0,3333.0,2500.0,128.0,360.0,1.0,1,1,0,0,0,1,5833.0,0.021944111092062405,0.35555555555555557,5832.644444444444
0.0,0.0,0.0,0.0,5941.0,4232.0,261.5,360.0,1.0,1,1,0,0,0,1,10173.0,0.0257052983387398,0.7263888888888889,10172.273611111112
0.0,0.0,0.0,0.0,6000.0,0.0,156.0,360.0,1.0,1,0,1,0,1,0,6000.0,0.026,0.43333333333333335,5999.566666666667
0.0,0.0,0.0,1.0,7167.0,0.0,128.0,360.0,1.0,1,0,1,0,0,1,7167.0,0.017859634435607646,0.35555555555555557,7166.644444444444
1.0,2.0,0.0,0.0,4566.0,0.0,100.0,360.0,1.0,0,0,1,0,0,1,4566.0,0.021901007446342532,0.2777777777777778,4565.722222222223
0.0,1.0,0.0,0.0,3667.0,0.0,113.0,360.0,1.0,1,0,1,0,0,1,3667.0,0.030815380419961822,0.3138888888888889,3666.686111111111
0.0,0.0,1.0,0.0,2346.0,1600.0,132.0,360.0,1.0,1,1,0,0,0,1,3946.0,0.03345159655347187,0.36666666666666664,3945.633333333333
1.0,0.0,1.0,0.0,3010.0,3136.0,128.0,360.0,0.0,0,0,1,0,0,1,6146.0,0.02082655385616661,0.35555555555555557,6145.644444444444
1.0,0.0,0.0,0.0,2333.0,2417.0,136.0,360.0,1.0,1,0,1,0,0,1,4750.0,0.02863157894736842,0.37777777777777777,4749.622222222222
1.0,0.0,0.0,0.0,5488.0,0.0,125.0,360.0,1.0,1,0,0,1,0,1,5488.0,0.022776967930029153,0.3472222222222222,5487.652777777777
0.0,3.0,0.0,0.0,9167.0,0.0,185.0,360.0,1.0,1,0,0,1,0,1,9167.0,0.020181084324206393,0.5138888888888888,9166.486111111111
1.0,3.0,0.0,0.0,9504.0,0.0,261.5,360.0,1.0,1,0,0,1,0,1,9504.0,0.02751473063973064,0.7263888888888889,9503.273611111112
1.0,0.0,0.0,0.0,2583.0,2115.0,120.0,360.0,1.0,1,0,1,0,0,1,4698.0,0.02554278416347382,0.3333333333333333,4697.666666666667
1.0,2.0,1.0,0.0,1993.0,1625.0,113.0,360.0,1.0,1,1,0,0,0,1,3618.0,0.03123272526257601,0.3138888888888889,3617.686111111111
1.0,2.0,0.0,0.0,3100.0,1400.0,113.0,360.0,1.0,1,0,1,0,0,1,4500.0,0.025111111111111112,0.3138888888888889,4499.686111111111
1.0,2.0,0.0,0.0,3276.0,484.0,135.0,360.0,1.0,1,1,0,0,0,1,3760.0,0.03590425531914894,0.375,3759.625
0.0,0.0,0.0,0.0,3180.0,0.0,71.0,360.0,0.0,0,0,1,0,1,0,3180.0,0.02232704402515723,0.19722222222222222,3179.802777777778
1.0,0.0,0.0,0.0,3033.0,1459.0,95.0,360.0,1.0,1,0,1,0,0,1,4492.0,0.021148708815672306,0.2638888888888889,4491.736111111111
0.0,0.0,1.0,0.0,3902.0,1666.0,109.0,360.0,1.0,1,0,0,1,0,1,5568.0,0.019576149425287355,0.30277777777777776,5567.697222222222
0.0,0.0,0.0,0.0,1500.0,1800.0,103.0,360.0,0.0,0,1,0,0,1,0,3300.0,0.031212121212121212,0.2861111111111111,3299.713888888889
1.0,2.0,1.0,0.0,2889.0,0.0,45.0,360.0,0.0,0,0,1,0,0,1,2889.0,0.01557632398753894,0.125,2888.875
0.0,0.0,1.0,0.0,2755.0,0.0,65.0,360.0,1.0,0,0,0,1,0,1,2755.0,0.023593466424682397,0.18055555555555555,2754.8194444444443
0.0,0.0,0.0,0.0,2500.0,5743.125,103.0,360.0,1.0,1,1,0,0,0,1,8243.125,0.01249526120251725,0.2861111111111111,8242.83888888889
0.0,0.0,1.0,0.0,1963.0,0.0,53.0,360.0,1.0,1,1,0,0,1,0,1963.0,0.026999490575649515,0.14722222222222223,1962.8527777777779
0.0,0.0,0.0,1.0,7441.0,0.0,194.0,360.0,1.0,0,0,0,1,1,0,7441.0,0.026071764547775836,0.5388888888888889,7440.461111111111
0.0,0.0,0.0,0.0,4547.0,0.0,115.0,360.0,1.0,1,1,0,0,1,0,4547.0,0.025291400923685946,0.3194444444444444,4546.680555555556
1.0,0.0,1.0,0.0,2167.0,2400.0,115.0,360.0,1.0,1,0,1,0,0,1,4567.0,0.025180643748631486,0.3194444444444444,4566.680555555556
0.0,0.0,1.0,0.0,2213.0,0.0,66.0,360.0,1.0,1,0,0,1,1,0,2213.0,0.0298237686398554,0.18333333333333332,2212.8166666666666
1.0,1.0,0.0,0.0,8300.0,0.0,152.0,360.0,0.0,0,1,0,0,0,1,8300.0,0.018313253012048194,0.4222222222222222,8299.577777777778
1.0,3.0,0.0,0.0,10171.25,0.0,261.5,360.0,0.0,0,0,0,1,0,1,10171.25,0.025709721027405676,0.7263888888888889,10170.523611111112
0.0,1.0,1.0,1.0,3867.0,0.0,62.0,360.0,1.0,0,1,0,0,1,0,3867.0,0.016033100594776313,0.17222222222222222,3866.8277777777776
1.0,0.0,0.0,0.0,6256.0,0.0,160.0,360.0,1.0,1,0,1,0,0,1,6256.0,0.02557544757033248,0.4444444444444444,6255.555555555556
1.0,0.0,1.0,0.0,6096.0,0.0,218.0,360.0,0.0,0,0,0,1,0,1,6096.0,0.035761154855643046,0.6055555555555555,6095.394444444444
1.0,0.0,1.0,0.0,2253.0,2033.0,110.0,360.0,1.0,1,0,0,1,0,1,4286.0,0.025664955669622024,0.3055555555555556,4285.694444444444
1.0,0.0,1.0,0.0,2149.0,3237.0,178.0,360.0,0.0,0,1,0,0,1,0,5386.0,0.03304864463423691,0.49444444444444446,5385.5055555555555
0.0,0.0,0.0,0.0,2995.0,0.0,60.0,360.0,1.0,1,0,1,0,1,0,2995.0,0.02003338898163606,0.16666666666666666,2994.8333333333335
0.0,1.0,0.0,0.0,2600.0,0.0,160.0,360.0,1.0,0,0,1,0,1,0,2600.0,0.06153846153846154,0.4444444444444444,2599.5555555555557
1.0,2.0,0.0,1.0,1600.0,5743.125,239.0,360.0,1.0,0,0,1,0,0,1,7343.125,0.032547450846880585,0.6638888888888889,7342.461111111111
1.0,0.0,0.0,0.0,1025.0,2773.0,112.0,360.0,1.0,1,0,0,1,0,1,3798.0,0.02948920484465508,0.3111111111111111,3797.688888888889
1.0,0.0,0.0,0.0,3246.0,1417.0,138.0,360.0,1.0,1,1,0,0,0,1,4663.0,0.029594681535492173,0.38333333333333336,4662.616666666667
1.0,0.0,0.0,0.0,5829.0,0.0,138.0,360.0,1.0,1,0,0,1,0,1,5829.0,0.023674729799279464,0.38333333333333336,5828.616666666667
0.0,0.0,1.0,0.0,2720.0,0.0,80.0,360.0,0.0,0,0,1,0,1,0,2720.0,0.029411764705882353,0.2222222222222222,2719.777777777778
1.0,0.0,0.0,0.0,1820.0,1719.0,100.0,360.0,1.0,1,0,1,0,0,1,3539.0,0.028256569652444195,0.2777777777777778,3538.722222222222
1.0,1.0,0.0,0.0,7250.0,1667.0,110.0,360.0,0.0,0,0,1,0,0,1,8917.0,0.01233598743972188,0.3055555555555556,8916.694444444445
1.0,0.0,0.0,0.0,10171.25,0.0,96.0,360.0,1.0,1,1,0,0,0,1,10171.25,0.009438367948875507,0.26666666666666666,10170.983333333334
1.0,0.0,0.0,0.0,2666.0,4300.0,121.0,360.0,1.0,1,0,0,1,0,1,6966.0,0.01737008326155613,0.33611111111111114,6965.663888888889
0.0,1.0,1.0,0.0,4606.0,0.0,81.0,360.0,1.0,0,0,0,1,1,0,4606.0,0.017585757707338254,0.225,4605.775
1.0,2.0,0.0,0.0,5935.0,0.0,133.0,360.0,1.0,1,1,0,0,0,1,5935.0,0.02240943555181129,0.36944444444444446,5934.6305555555555
1.0,0.0,0.0,0.0,2920.0,16.12000084,87.0,360.0,1.0,1,0,0,1,0,1,2936.12000084,0.029630941506174818,0.24166666666666667,2935.8783341733333
0.0,0.0,1.0,0.0,2717.0,0.0,60.0,360.0,1.0,1,0,1,0,0,1,2717.0,0.02208317997791682,0.16666666666666666,2716.8333333333335
0.0,1.0,0.0,1.0,8624.0,0.0,150.0,360.0,1.0,1,1,0,0,1,0,8624.0,0.017393320964749538,0.4166666666666667,8623.583333333334
0.0,0.0,0.0,0.0,6500.0,0.0,105.0,360.0,0.0,0,0,0,1,0,1,6500.0,0.016153846153846154,0.2916666666666667,6499.708333333333
0.0,0.0,0.0,0.0,10171.25,0.0,261.5,360.0,1.0,1,1,0,0,0,1,10171.25,0.025709721027405676,0.7263888888888889,10170.523611111112
1.0,0.0,0.0,0.0,2425.0,2340.0,143.0,360.0,1.0,1,1,0,0,0,1,4765.0,0.030010493179433367,0.3972222222222222,4764.602777777778
0.0,0.0,0.0,0.0,3750.0,0.0,100.0,360.0,1.0,1,0,1,0,0,1,3750.0,0.02666666666666667,0.2777777777777778,3749.722222222222
1.0,0.0,0.0,0.0,10047.0,0.0,128.0,360.0,1.0,1,1,0,0,1,0,10047.0,0.012740121429282374,0.35555555555555557,10046.644444444444
0.0,0.0,0.0,0.0,1926.0,1851.0,50.0,360.0,1.0,1,1,0,0,0,1,3777.0,0.013238019592268996,0.1388888888888889,3776.8611111111113
1.0,0.0,0.0,0.0,2213.0,1125.0,128.0,360.0,1.0,1,0,1,0,0,1,3338.0,0.03834631515877771,0.35555555555555557,3337.6444444444446
0.0,0.0,0.0,1.0,10171.25,0.0,187.0,360.0,0.0,0,0,1,0,0,1,10171.25,0.01838515423374708,0.5194444444444445,10170.730555555556
1.0,0.0,1.0,1.0,7142.0,0.0,138.0,360.0,1.0,1,0,0,1,1,0,7142.0,0.019322318678241388,0.38333333333333336,7141.616666666667
0.0,0.0,0.0,0.0,3660.0,5064.0,187.0,360.0,1.0,1,1,0,0,0,1,8724.0,0.021435121503897293,0.5194444444444445,8723.480555555556
1.0,0.0,0.0,0.0,7901.0,1833.0,180.0,360.0,1.0,1,0,0,1,0,1,9734.0,0.018491884117526197,0.5,9733.5
0.0,3.0,1.0,0.0,4707.0,1993.0,148.0,360.0,1.0,1,1,0,0,0,1,6700.0,0.02208955223880597,0.4111111111111111,6699.5888888888885
0.0,1.0,0.0,0.0,10171.25,0.0,152.0,360.0,1.0,1,1,0,0,0,1,10171.25,0.014944082585719552,0.4222222222222222,10170.827777777778
1.0,0.0,0.0,0.0,7333.0,5743.125,175.0,360.0,1.0,1,0,0,1,0,1,13076.125,0.013383169708151307,0.4861111111111111,13075.638888888889
1.0,1.0,0.0,1.0,3466.0,1210.0,130.0,360.0,1.0,1,0,0,1,0,1,4676.0,0.027801539777587682,0.3611111111111111,4675.638888888889
1.0,2.0,1.0,0.0,4652.0,0.0,110.0,360.0,1.0,1,0,0,1,0,1,4652.0,0.023645743766122097,0.3055555555555556,4651.694444444444
1.0,0.0,0.0,0.0,3539.0,1376.0,55.0,360.0,1.0,0,0,0,1,0,1,4915.0,0.011190233977619531,0.1527777777777778,4914.847222222223
1.0,2.0,0.0,0.0,3340.0,1710.0,150.0,360.0,0.0,0,0,0,1,0,1,5050.0,0.0297029702970297,0.4166666666666667,5049.583333333333
0.0,1.0,1.0,1.0,2769.0,1542.0,190.0,360.0,1.0,0,1,0,0,0,1,4311.0,0.04407330085826954,0.5277777777777778,4310.472222222223
1.0,2.0,1.0,0.0,2309.0,1255.0,125.0,360.0,0.0,0,0,0,1,0,1,3564.0,0.035072951739618406,0.3472222222222222,3563.652777777778
1.0,2.0,1.0,0.0,1958.0,1456.0,60.0,360.0,1.0,1,0,1,0,0,1,3414.0,0.01757469244288225,0.16666666666666666,3413.8333333333335
1.0,0.0,0.0,0.0,3948.0,1733.0,149.0,360.0,0.0,0,0,0,1,0,1,5681.0,0.02622777679985918,0.41388888888888886,5680.586111111111
1.0,0.0,0.0,0.0,2483.0,2466.0,90.0,360.0,0.0,1,0,0,1,0,1,4949.0,0.018185492018589614,0.25,4948.75
0.0,0.0,0.0,1.0,7085.0,0.0,84.0,360.0,1.0,1,1,0,0,0,1,7085.0,0.011856033874382499,0.23333333333333334,7084.766666666666
1.0,2.0,0.0,0.0,3859.0,0.0,96.0,360.0,1.0,1,1,0,0,0,1,3859.0,0.024876911116869654,0.26666666666666666,3858.733333333333
1.0,0.0,0.0,0.0,4301.0,0.0,118.0,360.0,1.0,1,0,1,0,0,1,4301.0,0.027435480120902116,0.3277777777777778,4300.672222222222
1.0,0.0,0.0,0.0,3708.0,2569.0,173.0,360.0,1.0,0,0,1,0,0,1,6277.0,0.027560936753226063,0.48055555555555557,6276.519444444444
0.0,2.0,0.0,0.0,4354.0,0.0,136.0,360.0,1.0,1,0,0,1,0,1,4354.0,0.03123564538355535,0.37777777777777777,4353.622222222222
1.0,0.0,0.0,0.0,8334.0,0.0,160.0,360.0,1.0,0,1,0,0,0,1,8334.0,0.01919846412287017,0.4444444444444444,8333.555555555555
1.0,0.0,0.0,1.0,2083.0,4083.0,160.0,360.0,1.0,1,1,0,0,0,1,6166.0,0.025948751216347713,0.4444444444444444,6165.555555555556
1.0,3.0,0.0,0.0,7740.0,0.0,128.0,360.0,1.0,1,0,1,0,0,1,7740.0,0.016537467700258397,0.35555555555555557,7739.644444444444
1.0,0.0,0.0,0.0,3015.0,2188.0,153.0,360.0,1.0,1,0,0,1,0,1,5203.0,0.02940611185854315,0.425,5202.575
0.0,1.0,1.0,0.0,5191.0,0.0,132.0,360.0,1.0,1,1,0,0,1,0,5191.0,0.025428626468888462,0.36666666666666664,5190.633333333333
0.0,0.0,0.0,0.0,4166.0,0.0,98.0,360.0,0.0,0,1,0,0,0,1,4166.0,0.023523763802208355,0.2722222222222222,4165.727777777778
0.0,0.0,0.0,0.0,6000.0,0.0,140.0,360.0,1.0,1,0,0,1,0,1,6000.0,0.023333333333333334,0.3888888888888889,5999.611111111111
1.0,3.0,1.0,0.0,2947.0,1664.0,70.0,360.0,0.0,0,0,1,0,0,1,4611.0,0.015181088700932552,0.19444444444444445,4610.805555555556
1.0,0.0,0.0,0.0,10171.25,0.0,110.0,360.0,1.0,1,1,0,0,0,1,10171.25,0.010814796608086518,0.3055555555555556,10170.944444444445
1.0,2.0,1.0,0.0,210.0,2917.0,98.0,360.0,1.0,1,1,0,0,1,0,3127.0,0.03133994243684042,0.2722222222222222,3126.7277777777776
1.0,0.0,0.0,0.0,4333.0,2451.0,110.0,360.0,1.0,0,0,1,0,0,1,6784.0,0.016214622641509434,0.3055555555555556,6783.694444444444
1.0,1.0,0.0,1.0,3450.0,2079.0,162.0,360.0,1.0,1,1,0,0,0,1,5529.0,0.02930005425935974,0.45,5528.55
1.0,1.0,1.0,0.0,2653.0,1500.0,113.0,360.0,0.0,0,0,0,1,0,1,4153.0,0.027209246327955693,0.3138888888888889,4152.686111111111
1.0,3.0,0.0,0.0,4691.0,0.0,100.0,360.0,1.0,1,1,0,0,0,1,4691.0,0.021317416329140908,0.2777777777777778,4690.722222222223
0.0,0.0,0.0,1.0,2500.0,0.0,93.0,360.0,1.0,1,0,1,0,1,0,2500.0,0.0372,0.25833333333333336,2499.741666666667
0.0,2.0,0.0,0.0,5532.0,4648.0,162.0,360.0,1.0,1,0,0,1,0,1,10180.0,0.015913555992141455,0.45,10179.55
1.0,2.0,0.0,1.0,10171.25,1014.0,150.0,360.0,1.0,1,0,0,1,0,1,11185.25,0.013410518316532933,0.4166666666666667,11184.833333333334
1.0,2.0,0.0,0.0,6700.0,1750.0,230.0,360.0,1.0,1,1,0,0,0,1,8450.0,0.027218934911242602,0.6388888888888888,8449.361111111111
1.0,2.0,0.0,0.0,2873.0,1872.0,132.0,360.0,0.0,0,1,0,0,0,1,4745.0,0.027818756585879872,0.36666666666666664,4744.633333333333
1.0,1.0,0.0,1.0,10171.25,2250.0,86.0,360.0,1.0,1,1,0,0,0,1,12421.25,0.00692361879843011,0.2388888888888889,12421.011111111111
1.0,2.0,0.0,0.0,2947.0,1603.0,128.0,360.0,1.0,0,0,1,0,0,1,4550.0,0.028131868131868132,0.35555555555555557,4549.644444444444
0.0,0.0,1.0,0.0,4350.0,0.0,154.0,360.0,1.0,1,0,0,1,1,0,4350.0,0.035402298850574714,0.42777777777777776,4349.572222222222
1.0,3.0,1.0,0.0,3095.0,0.0,113.0,360.0,1.0,1,0,0,1,0,1,3095.0,0.03651050080775444,0.3138888888888889,3094.686111111111
1.0,0.0,0.0,0.0,2083.0,3150.0,128.0,360.0,1.0,1,1,0,0,0,1,5233.0,0.024460156697878845,0.35555555555555557,5232.644444444444
1.0,0.0,0.0,0.0,10171.25,0.0,234.0,360.0,1.0,1,1,0,0,0,1,10171.25,0.023006021875384048,0.65,10170.6
1.0,2.0,0.0,0.0,8333.0,0.0,246.0,360.0,1.0,1,1,0,0,0,1,8333.0,0.029521180847233888,0.6833333333333333,8332.316666666668
1.0,1.0,1.0,0.0,1958.0,2436.0,131.0,360.0,1.0,1,0,0,1,0,1,4394.0,0.029813381884387802,0.3638888888888889,4393.636111111111
0.0,2.0,0.0,0.0,3547.0,0.0,80.0,360.0,0.0,0,0,0,1,0,1,3547.0,0.02255427121511136,0.2222222222222222,3546.777777777778
1.0,1.0,0.0,0.0,10171.25,0.0,261.5,360.0,1.0,0,0,1,0,0,1,10171.25,0.025709721027405676,0.7263888888888889,10170.523611111112
1.0,2.0,0.0,1.0,4583.0,2083.0,160.0,360.0,1.0,1,1,0,0,0,1,6666.0,0.024002400240024,0.4444444444444444,6665.555555555556
0.0,0.0,0.0,0.0,2435.0,0.0,75.0,360.0,1.0,0,0,1,0,0,1,2435.0,0.030800821355236138,0.20833333333333334,2434.7916666666665
0.0,0.0,1.0,0.0,2699.0,2785.0,96.0,360.0,1.0,1,1,0,0,0,1,5484.0,0.0175054704595186,0.26666666666666666,5483.733333333334
1.0,1.0,1.0,0.0,5333.0,1131.0,186.0,360.0,1.0,1,0,1,0,0,1,6464.0,0.028774752475247526,0.5166666666666667,6463.483333333334
0.0,0.0,1.0,0.0,3691.0,0.0,110.0,360.0,1.0,1,0,0,1,0,1,3691.0,0.029802221620157138,0.3055555555555556,3690.6944444444443
0.0,0.0,1.0,1.0,10171.25,0.0,225.0,360.0,1.0,1,1,0,0,1,0,10171.25,0.02212117488017697,0.625,10170.625
1.0,0.0,0.0,0.0,3597.0,2157.0,119.0,360.0,0.0,0,0,0,1,0,1,5754.0,0.02068126520681265,0.33055555555555555,5753.669444444445
1.0,1.0,0.0,0.0,3326.0,913.0,105.0,360.0,1.0,1,1,0,0,1,0,4239.0,0.024769992922859165,0.2916666666666667,4238.708333333333
1.0,0.0,1.0,0.0,2600.0,1700.0,107.0,360.0,1.0,1,0,0,1,0,1,4300.0,0.02488372093023256,0.2972222222222222,4299.702777777778
1.0,0.0,0.0,0.0,4625.0,2857.0,111.0,360.0,1.0,1,0,1,0,0,1,7482.0,0.01483560545308741,0.30833333333333335,7481.691666666667
1.0,1.0,0.0,1.0,2895.0,0.0,95.0,360.0,1.0,1,1,0,0,0,1,2895.0,0.03281519861830743,0.2638888888888889,2894.7361111111113
0.0,0.0,0.0,0.0,6283.0,4416.0,209.0,360.0,0.0,0,0,0,1,0,1,10699.0,0.019534535937938125,0.5805555555555556,10698.419444444444
0.0,0.0,0.0,0.0,645.0,3683.0,113.0,360.0,1.0,1,0,0,1,1,0,4328.0,0.0261090573012939,0.3138888888888889,4327.686111111111
0.0,0.0,0.0,0.0,3159.0,0.0,100.0,360.0,1.0,1,1,0,0,1,0,3159.0,0.03165558721114277,0.2777777777777778,3158.722222222222
1.0,2.0,0.0,0.0,4865.0,5624.0,208.0,360.0,1.0,1,1,0,0,0,1,10489.0,0.01983029840785585,0.5777777777777777,10488.422222222222
1.0,1.0,1.0,0.0,4050.0,5302.0,138.0,360.0,1.0,0,0,0,1,0,1,9352.0,0.014756201881950384,0.38333333333333336,9351.616666666667
1.0,0.0,1.0,0.0,3814.0,1483.0,124.0,360.0,1.0,1,1,0,0,0,1,5297.0,0.0234094770624882,0.34444444444444444,5296.655555555555
1.0,2.0,0.0,0.0,3510.0,4416.0,243.0,360.0,1.0,1,0,0,1,0,1,7926.0,0.030658591975775928,0.675,7925.325
1.0,0.0,0.0,0.0,10171.25,5743.125,261.5,360.0,1.0,1,0,1,0,0,1,15914.375,0.016431685190276088,0.7263888888888889,15913.648611111112
0.0,0.0,0.0,0.0,3583.0,0.0,96.0,360.0,1.0,0,0,1,0,0,1,3583.0,0.026793190064192018,0.26666666666666666,3582.733333333333
1.0,0.0,0.0,1.0,2479.0,3013.0,188.0,360.0,1.0,1,0,1,0,0,1,5492.0,0.03423160961398398,0.5222222222222223,5491.477777777778
0.0,1.0,0.0,0.0,10171.25,0.0,40.0,360.0,1.0,1,0,1,0,1,0,10171.25,0.003932653312031461,0.1111111111111111,10171.138888888889
0.0,0.0,1.0,0.0,3598.0,1287.0,100.0,360.0,1.0,0,0,0,1,0,1,4885.0,0.02047082906857728,0.2777777777777778,4884.722222222223
1.0,1.0,0.0,0.0,6065.0,2004.0,250.0,360.0,1.0,1,1,0,0,0,1,8069.0,0.030982773577890692,0.6944444444444444,8068.305555555556
1.0,2.0,0.0,0.0,3283.0,2035.0,148.0,360.0,1.0,1,0,1,0,0,1,5318.0,0.027830011282437006,0.4111111111111111,5317.5888888888885
1.0,0.0,0.0,0.0,2130.0,5743.125,70.0,360.0,1.0,0,1,0,0,0,1,7873.125,0.008891005795030563,0.19444444444444445,7872.930555555556
0.0,0.0,0.0,0.0,5815.0,3666.0,261.5,360.0,1.0,0,0,0,1,0,1,9481.0,0.02758147874696762,0.7263888888888889,9480.273611111112
1.0,3.0,0.0,0.0,3466.0,3428.0,150.0,360.0,1.0,1,0,0,1,0,1,6894.0,0.02175805047867711,0.4166666666666667,6893.583333333333
1.0,2.0,0.0,0.0,2031.0,1632.0,113.0,360.0,1.0,1,1,0,0,1,0,3663.0,0.03084903084903085,0.3138888888888889,3662.686111111111
1.0,0.0,1.0,0.0,3074.0,1800.0,123.0,360.0,0.0,0,1,0,0,0,1,4874.0,0.025235945835043086,0.3416666666666667,4873.658333333334
0.0,0.0,0.0,0.0,4683.0,1915.0,185.0,360.0,1.0,0,1,0,0,0,1,6598.0,0.02803879963625341,0.5138888888888888,6597.486111111111
0.0,0.0,1.0,0.0,3400.0,0.0,95.0,360.0,1.0,0,0,0,1,1,0,3400.0,0.027941176470588237,0.2638888888888889,3399.7361111111113
1.0,2.0,1.0,0.0,2192.0,1742.0,45.0,360.0,1.0,1,1,0,0,0,1,3934.0,0.011438739196746314,0.125,3933.875
0.0,0.0,0.0,0.0,2500.0,0.0,55.0,360.0,1.0,1,1,0,0,0,1,2500.0,0.022,0.1527777777777778,2499.847222222222
1.0,3.0,0.0,1.0,5677.0,1424.0,100.0,360.0,1.0,1,0,0,1,0,1,7101.0,0.01408252358822701,0.2777777777777778,7100.722222222223
1.0,2.0,0.0,1.0,7948.0,5743.125,261.5,360.0,1.0,1,0,0,1,0,1,13691.125,0.01909996439299181,0.7263888888888889,13690.398611111112
0.0,0.0,0.0,0.0,4680.0,2087.0,128.0,360.0,1.0,0,1,0,0,0,1,6767.0,0.01891532436825772,0.35555555555555557,6766.644444444444
1.0,2.0,0.0,1.0,10171.25,0.0,261.5,360.0,1.0,1,0,0,1,0,1,10171.25,0.025709721027405676,0.7263888888888889,10170.523611111112
1.0,0.0,0.0,0.0,3775.0,0.0,110.0,360.0,1.0,1,1,0,0,0,1,3775.0,0.02913907284768212,0.3055555555555556,3774.6944444444443
1.0,1.0,1.0,0.0,5285.0,1430.0,161.0,360.0,0.0,1,1,0,0,0,1,6715.0,0.023976172747580043,0.44722222222222224,6714.552777777778
0.0,1.0,1.0,0.0,2679.0,1302.0,94.0,360.0,1.0,1,1,0,0,0,1,3981.0,0.02361215774930922,0.2611111111111111,3980.738888888889
0.0,0.0,1.0,0.0,6783.0,0.0,130.0,360.0,1.0,1,1,0,0,0,1,6783.0,0.019165560961226596,0.3611111111111111,6782.638888888889
1.0,0.0,0.0,0.0,1025.0,5500.0,216.0,360.0,1.0,1,0,0,1,0,1,6525.0,0.03310344827586207,0.6,6524.4
1.0,3.0,0.0,0.0,4281.0,0.0,100.0,360.0,1.0,1,0,1,0,0,1,4281.0,0.023359028264424198,0.2777777777777778,4280.722222222223
0.0,2.0,0.0,0.0,3588.0,0.0,110.0,360.0,0.0,0,0,0,1,0,1,3588.0,0.030657748049052396,0.3055555555555556,3587.6944444444443
0.0,1.0,0.0,0.0,10171.25,0.0,196.0,360.0,1.0,0,1,0,0,0,1,10171.25,0.01927000122895416,0.5444444444444444,10170.705555555556
0.0,0.0,1.0,1.0,10171.25,0.0,125.0,360.0,1.0,1,0,1,0,1,0,10171.25,0.012289541600098316,0.3472222222222222,10170.902777777777
0.0,0.0,1.0,0.0,2550.0,2042.0,126.0,360.0,1.0,1,0,0,1,0,1,4592.0,0.027439024390243903,0.35,4591.65
1.0,0.0,0.0,0.0,6133.0,3906.0,261.5,360.0,1.0,1,0,1,0,0,1,10039.0,0.026048411196334297,0.7263888888888889,10038.273611111112
0.0,2.0,0.0,0.0,3617.0,0.0,107.0,360.0,1.0,1,1,0,0,0,1,3617.0,0.029582526956040918,0.2972222222222222,3616.7027777777776
1.0,0.0,1.0,0.0,2917.0,536.0,66.0,360.0,1.0,0,0,0,1,0,1,3453.0,0.019113814074717638,0.18333333333333332,3452.8166666666666
1.0,3.0,0.0,0.0,6417.0,0.0,157.0,360.0,1.0,1,0,0,1,0,1,6417.0,0.02446626149290946,0.4361111111111111,6416.563888888889
1.0,1.0,0.0,0.0,4608.0,2845.0,140.0,360.0,1.0,1,1,0,0,1,0,7453.0,0.018784382128002146,0.3888888888888889,7452.611111111111
0.0,0.0,0.0,0.0,2138.0,0.0,99.0,360.0,0.0,0,1,0,0,1,0,2138.0,0.04630495790458372,0.275,2137.725
0.0,1.0,0.0,0.0,3652.0,0.0,95.0,360.0,1.0,1,1,0,0,1,0,3652.0,0.026013143483023003,0.2638888888888889,3651.7361111111113
1.0,1.0,1.0,0.0,2239.0,2524.0,128.0,360.0,1.0,1,0,1,0,0,1,4763.0,0.026873819021625025,0.35555555555555557,4762.644444444444
1.0,0.0,1.0,0.0,3017.0,663.0,102.0,360.0,1.0,1,1,0,0,1,0,3680.0,0.027717391304347826,0.2833333333333333,3679.7166666666667
1.0,0.0,0.0,0.0,2768.0,1950.0,155.0,360.0,1.0,1,0,0,1,0,1,4718.0,0.03285290377278508,0.4305555555555556,4717.569444444444
0.0,0.0,1.0,0.0,3358.0,0.0,80.0,360.0,1.0,0,1,0,0,0,1,3358.0,0.023823704586063133,0.2222222222222222,3357.777777777778
0.0,0.0,0.0,0.0,2526.0,1783.0,145.0,360.0,1.0,1,0,0,1,0,1,4309.0,0.03365049895567417,0.4027777777777778,4308.597222222223
0.0,0.0,0.0,0.0,5000.0,0.0,103.0,360.0,0.0,0,1,0,0,1,0,5000.0,0.0206,0.2861111111111111,4999.7138888888885
1.0,0.0,0.0,0.0,2785.0,2016.0,110.0,360.0,1.0,1,0,0,1,0,1,4801.0,0.022911893355550928,0.3055555555555556,4800.694444444444
1.0,2.0,0.0,1.0,6633.0,0.0,128.0,360.0,0.0,0,0,0,1,0,1,6633.0,0.019297452133273028,0.35555555555555557,6632.644444444444
1.0,1.0,1.0,0.0,2492.0,2375.0,128.0,360.0,1.0,1,0,0,1,0,1,4867.0,0.026299568522703924,0.35555555555555557,4866.644444444444
1.0,1.0,0.0,0.0,3333.0,3250.0,158.0,360.0,1.0,1,0,1,0,0,1,6583.0,0.024001215251405136,0.4388888888888889,6582.561111111111
1.0,0.0,1.0,0.0,2454.0,2333.0,181.0,360.0,0.0,0,0,1,0,0,1,4787.0,0.03781073741382912,0.5027777777777778,4786.497222222222
1.0,0.0,0.0,0.0,3593.0,4266.0,132.0,360.0,0.0,0,0,0,1,0,1,7859.0,0.01679603002926581,0.36666666666666664,7858.633333333333
1.0,1.0,0.0,0.0,5468.0,1032.0,26.0,360.0,1.0,1,1,0,0,0,1,6500.0,0.004,0.07222222222222222,6499.927777777778
0.0,0.0,0.0,0.0,2667.0,1625.0,84.0,360.0,1.0,1,0,1,0,1,0,4292.0,0.0195712954333644,0.23333333333333334,4291.766666666666
1.0,3.0,0.0,1.0,10139.0,0.0,260.0,360.0,1.0,1,1,0,0,0,1,10139.0,0.025643554591182564,0.7222222222222222,10138.277777777777
1.0,0.0,0.0,0.0,3887.0,2669.0,162.0,360.0,1.0,1,1,0,0,0,1,6556.0,0.02471018913971934,0.45,6555.55
1.0,0.0,0.0,0.0,4180.0,2306.0,182.0,360.0,1.0,1,1,0,0,1,0,6486.0,0.028060437866173297,0.5055555555555555,6485.4944444444445
1.0,2.0,1.0,0.0,3675.0,242.0,108.0,360.0,1.0,1,1,0,0,0,1,3917.0,0.027572121521572634,0.3,3916.7
1.0,1.0,0.0,1.0,10171.25,0.0,261.5,360.0,1.0,1,1,0,0,1,0,10171.25,0.025709721027405676,0.7263888888888889,10170.523611111112
1.0,0.0,0.0,0.0,5923.0,2054.0,211.0,360.0,1.0,1,0,0,1,0,1,7977.0,0.02645104675943337,0.5861111111111111,7976.413888888889
0.0,0.0,1.0,1.0,5800.0,0.0,132.0,360.0,1.0,1,1,0,0,0,1,5800.0,0.022758620689655173,0.36666666666666664,5799.633333333333
1.0,2.0,0.0,0.0,8799.0,0.0,258.0,360.0,0.0,0,0,1,0,0,1,8799.0,0.029321513808387316,0.7166666666666667,8798.283333333333
1.0,0.0,1.0,0.0,4467.0,0.0,120.0,360.0,1.0,1,0,0,1,0,1,4467.0,0.026863666890530557,0.3333333333333333,4466.666666666667
0.0,0.0,0.0,0.0,3333.0,0.0,70.0,360.0,1.0,1,0,1,0,0,1,3333.0,0.021002100210021003,0.19444444444444445,3332.8055555555557
1.0,3.0,0.0,0.0,3400.0,2500.0,123.0,360.0,0.0,0,0,0,1,0,1,5900.0,0.020847457627118645,0.3416666666666667,5899.658333333334
0.0,0.0,0.0,0.0,2378.0,0.0,9.0,360.0,1.0,0,0,1,0,1,0,2378.0,0.0037846930193439865,0.025,2377.975
1.0,0.0,0.0,0.0,3166.0,2064.0,104.0,360.0,0.0,0,0,1,0,0,1,5230.0,0.01988527724665392,0.28888888888888886,5229.711111111111
1.0,1.0,0.0,0.0,3417.0,1750.0,186.0,360.0,1.0,1,0,1,0,0,1,5167.0,0.035997677569189084,0.5166666666666667,5166.483333333334
1.0,0.0,0.0,0.0,5116.0,1451.0,165.0,360.0,0.0,0,0,1,0,0,1,6567.0,0.02512562814070352,0.4583333333333333,6566.541666666667
1.0,2.0,0.0,0.0,10171.25,0.0,261.5,360.0,1.0,1,0,1,0,0,1,10171.25,0.025709721027405676,0.7263888888888889,10170.523611111112
1.0,2.0,1.0,0.0,6125.0,1625.0,187.0,360.0,1.0,0,1,0,0,0,1,7750.0,0.024129032258064516,0.5194444444444445,7749.480555555556
1.0,3.0,0.0,0.0,6406.0,0.0,150.0,360.0,1.0,0,1,0,0,0,1,6406.0,0.023415547923821417,0.4166666666666667,6405.583333333333
1.0,2.0,0.0,0.0,3159.0,461.0,108.0,360.0,1.0,1,0,1,0,0,1,3620.0,0.02983425414364641,0.3,3619.7
1.0,0.0,0.0,0.0,3087.0,2210.0,136.0,360.0,0.0,0,1,0,0,0,1,5297.0,0.02567491032659996,0.37777777777777777,5296.622222222222
0.0,0.0,0.0,0.0,3229.0,2739.0,110.0,360.0,1.0,1,0,1,0,0,1,5968.0,0.018431635388739945,0.3055555555555556,5967.694444444444
1.0,1.0,0.0,0.0,1782.0,2232.0,107.0,360.0,1.0,1,0,0,1,0,1,4014.0,0.02665670154459392,0.2972222222222222,4013.7027777777776
0.0,0.0,0.0,0.0,3182.0,2917.0,161.0,360.0,1.0,1,0,1,0,0,1,6099.0,0.026397770126250206,0.44722222222222224,6098.552777777778
1.0,2.0,0.0,0.0,6540.0,0.0,205.0,360.0,1.0,1,1,0,0,0,1,6540.0,0.03134556574923547,0.5694444444444444,6539.430555555556
0.0,0.0,0.0,0.0,1836.0,5743.125,90.0,360.0,1.0,0,0,1,0,0,1,7579.125,0.011874721686210479,0.25,7578.875
1.0,0.0,0.0,0.0,3166.0,0.0,36.0,360.0,1.0,1,1,0,0,1,0,3166.0,0.011370814908401769,0.1,3165.9
1.0,1.0,0.0,0.0,1880.0,0.0,61.0,360.0,1.0,0,0,0,1,0,1,1880.0,0.032446808510638296,0.16944444444444445,1879.8305555555555
1.0,1.0,0.0,0.0,2787.0,1917.0,146.0,360.0,0.0,0,0,0,1,0,1,4704.0,0.031037414965986394,0.40555555555555556,4703.594444444445
1.0,1.0,0.0,0.0,4283.0,3000.0,172.0,360.0,1.0,0,0,0,1,0,1,7283.0,0.02361664149388988,0.4777777777777778,7282.522222222222
1.0,0.0,0.0,0.0,2297.0,1522.0,104.0,360.0,1.0,1,0,1,0,0,1,3819.0,0.027232259753862266,0.28888888888888886,3818.711111111111
0.0,0.0,1.0,0.0,2165.0,0.0,70.0,360.0,1.0,1,1,0,0,1,0,2165.0,0.03233256351039261,0.19444444444444445,2164.8055555555557
0.0,0.0,0.0,0.0,4750.0,0.0,94.0,360.0,1.0,1,1,0,0,0,1,4750.0,0.019789473684210527,0.2611111111111111,4749.738888888889
1.0,2.0,0.0,1.0,2726.0,0.0,106.0,360.0,0.0,0,1,0,0,0,1,2726.0,0.03888481291269259,0.29444444444444445,2725.7055555555557
1.0,0.0,0.0,0.0,3000.0,3416.0,56.0,360.0,1.0,1,1,0,0,0,1,6416.0,0.008728179551122194,0.15555555555555556,6415.844444444445
1.0,2.0,0.0,1.0,6000.0,0.0,205.0,360.0,1.0,0,1,0,0,0,1,6000.0,0.034166666666666665,0.5694444444444444,5999.430555555556
0.0,3.0,0.0,1.0,9357.0,0.0,261.5,360.0,1.0,1,1,0,0,0,1,9357.0,0.02794699155712301,0.7263888888888889,9356.273611111112
1.0,0.0,0.0,0.0,3859.0,3300.0,142.0,360.0,1.0,1,0,0,1,0,1,7159.0,0.019835172510127112,0.39444444444444443,7158.605555555556
1.0,0.0,0.0,1.0,10171.25,0.0,260.0,360.0,1.0,1,0,1,0,0,1,10171.25,0.025562246528204498,0.7222222222222222,10170.527777777777
0.0,0.0,1.0,0.0,3833.0,0.0,110.0,360.0,1.0,1,0,0,1,0,1,3833.0,0.02869814766501435,0.3055555555555556,3832.6944444444443
1.0,2.0,1.0,1.0,6383.0,1000.0,187.0,360.0,1.0,0,0,0,1,0,1,7383.0,0.025328457266693756,0.5194444444444445,7382.480555555556
0.0,0.0,0.0,0.0,2987.0,0.0,88.0,360.0,0.0,0,1,0,0,0,1,2987.0,0.02946099765651155,0.24444444444444444,2986.7555555555555
1.0,0.0,0.0,1.0,9963.0,0.0,180.0,360.0,1.0,1,0,0,1,0,1,9963.0,0.018066847335140017,0.5,9962.5
1.0,2.0,0.0,0.0,5780.0,0.0,192.0,360.0,1.0,1,0,1,0,0,1,5780.0,0.03321799307958478,0.5333333333333333,5779.466666666666
0.0,3.0,0.0,0.0,416.0,5743.125,261.5,360.0,1.0,0,0,1,0,1,0,6159.125,0.04245732957197654,0.7263888888888889,6158.398611111111
1.0,0.0,1.0,0.0,2894.0,2792.0,155.0,360.0,1.0,1,0,0,1,0,1,5686.0,0.027259936686598662,0.4305555555555556,5685.569444444444
1.0,3.0,0.0,0.0,5703.0,0.0,128.0,360.0,1.0,1,0,1,0,0,1,5703.0,0.02244432754690514,0.35555555555555557,5702.644444444444
0.0,0.0,0.0,0.0,3676.0,4301.0,172.0,360.0,1.0,1,0,0,1,0,1,7977.0,0.021561990723329573,0.4777777777777778,7976.522222222222
1.0,1.0,0.0,0.0,10171.25,0.0,261.5,360.0,1.0,1,1,0,0,1,0,10171.25,0.025709721027405676,0.7263888888888889,10170.523611111112
1.0,0.0,1.0,0.0,2400.0,3800.0,128.0,360.0,1.0,0,0,1,0,0,1,6200.0,0.02064516129032258,0.35555555555555557,6199.644444444444
1.0,1.0,0.0,0.0,3400.0,2500.0,173.0,360.0,1.0,1,1,0,0,0,1,5900.0,0.029322033898305084,0.48055555555555557,5899.519444444444
1.0,2.0,1.0,0.0,3987.0,1411.0,157.0,360.0,1.0,1,0,0,1,0,1,5398.0,0.029084846239347907,0.4361111111111111,5397.563888888889
1.0,0.0,0.0,0.0,3232.0,1950.0,108.0,360.0,1.0,1,0,0,1,0,1,5182.0,0.020841373986877652,0.3,5181.7
0.0,0.0,0.0,0.0,2900.0,0.0,71.0,360.0,1.0,1,0,0,1,1,0,2900.0,0.024482758620689656,0.19722222222222222,2899.802777777778
1.0,3.0,0.0,0.0,4106.0,0.0,40.0,360.0,1.0,1,0,0,1,0,1,4106.0,0.00974184120798831,0.1111111111111111,4105.888888888889
1.0,1.0,0.0,0.0,8072.0,240.0,253.0,360.0,1.0,1,0,1,0,0,1,8312.0,0.030437921077959576,0.7027777777777777,8311.297222222222
1.0,2.0,0.0,0.0,7583.0,0.0,187.0,360.0,1.0,1,0,1,0,0,1,7583.0,0.024660424634049848,0.5194444444444445,7582.480555555556
0.0,0.0,0.0,1.0,4583.0,0.0,133.0,360.0,0.0,0,1,0,0,1,0,4583.0,0.02902029238490072,0.36944444444444446,4582.6305555555555
